586515,-1,-1,-1,-1,-1,-1,-1,-1,-1,-1,-1,-1,-1,-1
587510,-1,-1,590,512,607,776,623,576,601,637,485,691,641,772
588509,52.5,52.31,591,514,608,776,624,578,601,636,485,691,641,771
589509,52.5,52.31,590,513,609,776,624,577,601,637,486,689,639,770
590510,52.44,52.25,589,512,608,776,625,577,601,634,488,691,640,772
591511,52.44,52.25,590,514,606,776,622,578,601,634,485,691,641,771
592512,52.44,52.25,590,515,608,776,623,578,602,633,487,691,639,771
593513,52.38,52.25,590,514,607,776,624,578,601,637,486,693,641,770
594513,52.38,52.19,590,512,608,776,624,577,601,635,485,691,641,772
595514,52.38,52.19,590,512,606,776,625,578,602,635,489,693,639,771
596516,52.38,52.19,590,512,606,776,623,578,602,637,484,692,640,769
597516,52.31,52.13,589,512,604,775,623,576,601,633,486,693,639,770
598516,52.31,52.13,589,510,605,775,622,576,602,634,484,693,639,770
599515,52.31,52.13,588,510,604,775,621,576,601,633,485,693,639,770
600516,52.31,52.06,589,511,606,775,622,577,600,636,485,690,639,770
601517,52.25,52.06,589,510,608,776,623,578,601,634,487,693,638,770
602516,52.25,52.06,588,511,606,775,622,577,602,638,485,693,638,769
603516,52.25,52,587,509,607,776,623,576,602,634,487,692,638,770
604518,52.19,52,587,510,605,774,624,578,601,636,484,691,637,768
605517,52.19,52,589,509,605,775,622,577,600,634,482,689,638,770
606517,52.19,52,588,509,603,775,623,576,601,633,486,691,639,770
607519,52.19,52,588,512,604,774,623,578,602,634,486,692,639,769
608519,52.19,52,588,511,604,774,622,577,601,634,486,691,640,768
609520,52.19,51.94,588,510,603,774,622,576,600,634,489,691,640,768
610522,52.13,51.94,589,511,604,774,622,576,601,638,485,691,640,768
611522,52.13,51.94,588,511,605,774,622,576,601,635,487,689,641,766
612524,52.13,51.94,587,511,605,774,622,576,600,633,487,691,639,768
613525,52.13,51.88,588,511,605,773,622,576,600,633,486,691,637,768
614526,52.13,51.88,589,512,605,773,622,577,601,633,487,691,640,767
615527,52.06,51.81,588,511,606,773,622,576,600,634,484,690,638,766
616528,52.06,51.81,586,510,603,773,622,575,600,633,482,690,636,768
617528,52.06,51.81,587,510,606,773,622,574,600,631,487,693,638,768
618529,52,51.81,587,509,604,774,621,575,600,630,487,694,640,768
619538,52,51.75,587,508,604,772,619,575,600,631,485,694,638,768
620539,52,51.75,587,508,605,773,619,576,600,630,486,695,638,768
621540,51.94,51.75,586,508,604,772,618,575,601,634,483,696,639,768
622541,51.94,51.69,586,509,605,772,620,575,602,633,486,694,637,767
623542,51.94,51.69,588,510,605,773,619,576,601,631,486,696,637,767
624543,51.88,51.63,587,510,605,773,619,576,601,631,487,695,637,768
625544,51.81,51.63,586,510,605,773,619,576,601,631,487,696,636,766
626546,51.81,51.63,587,510,604,772,618,576,602,631,486,695,636,767
627546,51.81,51.63,588,511,605,772,619,576,601,630,487,693,637,766
628547,51.75,51.56,590,511,606,772,619,575,601,631,485,693,637,765
629548,51.75,51.56,588,512,605,771,618,576,600,635,482,696,638,767
630548,51.75,51.56,588,511,603,772,618,575,601,631,486,695,638,767
631549,51.69,51.5,588,511,606,771,619,576,601,632,488,696,637,766
632549,51.69,51.5,588,511,604,771,618,576,601,632,489,696,640,765
633549,51.69,51.5,589,513,606,771,619,576,601,634,486,693,640,766
634550,51.69,51.5,589,511,605,771,618,576,602,632,487,694,640,766
635550,51.69,51.5,589,510,606,770,618,576,601,636,486,694,640,763
636552,51.63,51.44,589,512,606,770,619,577,602,633,488,694,639,765
637552,51.56,51.38,590,512,607,771,617,576,602,632,490,694,638,766
638553,51.56,51.38,590,514,606,770,617,577,603,634,489,693,640,764
639554,51.56,51.38,589,514,605,770,618,576,603,632,489,693,640,763
640554,51.56,51.38,591,514,607,770,619,576,602,632,488,693,641,764
641555,51.56,51.38,590,516,605,770,617,577,602,632,488,692,640,763
642555,51.5,51.31,589,513,606,768,617,576,602,631,490,693,640,762
643555,51.5,51.31,591,515,607,768,617,579,604,633,490,693,639,764
644556,51.5,51.31,592,516,608,768,618,580,603,632,488,692,639,764
645557,51.44,51.31,590,515,609,768,619,579,604,632,491,692,641,764
646572,51.44,51.25,591,516,608,768,618,578,605,632,490,693,640,762
647558,51.44,51.25,592,516,607,768,619,580,606,636,487,693,641,762
648559,51.44,51.25,592,516,609,768,618,581,605,632,492,694,640,762
649560,51.44,51.25,592,515,608,768,618,578,604,632,491,694,640,763
650560,51.38,51.19,592,514,606,768,616,580,604,633,490,693,640,764
651562,51.38,51.19,592,516,607,768,618,578,606,631,493,694,641,763
652563,51.38,51.19,592,516,606,768,617,580,604,630,492,694,640,761
653564,51.38,51.19,592,515,607,767,617,579,604,631,492,694,640,762
654565,51.38,51.19,591,517,607,768,619,578,604,630,490,695,640,763
655566,51.31,51.13,591,514,608,767,617,578,604,634,488,695,641,763
656567,51.31,51.13,592,517,609,767,618,579,604,633,489,695,643,761
657568,51.31,51.13,593,515,608,768,620,580,605,630,493,693,642,763
658568,51.25,51.13,592,518,609,768,618,579,604,630,492,696,639,762
659568,51.25,51.06,594,519,609,768,619,580,604,633,491,693,642,761
660568,51.25,51.06,593,519,608,767,619,579,604,632,492,692,642,761
661570,51.19,51.06,592,517,608,767,619,579,604,631,492,690,640,763
662570,51.19,51.06,592,517,609,768,620,579,604,630,494,692,641,761
663571,51.19,51.06,592,518,609,767,620,579,604,630,495,691,642,760
664571,51.13,51,592,517,608,767,620,579,604,630,497,691,641,759
665571,51.13,51,593,519,611,767,621,580,605,631,493,691,643,759
666571,51.13,51,595,519,612,767,621,580,604,635,493,692,644,759
667571,51.13,51,595,519,611,767,622,581,606,633,496,690,641,761
668572,51.06,51,595,522,612,767,622,581,608,632,498,692,642,760
669573,51.06,51,595,521,612,767,622,581,606,632,498,692,641,759
670574,51.06,50.94,595,523,612,768,622,582,608,635,498,692,643,759
671575,51.06,50.88,595,522,613,767,622,582,607,632,503,693,645,759
672576,51.06,50.88,596,523,616,767,623,584,609,633,503,695,648,761
673577,51,50.88,597,526,616,766,625,585,613,638,512,699,650,758
674577,51,50.81,613,549,636,768,642,603,629,649,536,706,665,759
675577,51,50.81,618,554,640,769,644,607,617,640,516,700,654,758
676577,50.94,50.81,609,541,628,766,634,598,617,640,517,700,654,758
677577,50.94,50.81,609,542,627,767,635,597,618,641,521,703,657,758
678578,50.94,50.81,608,541,628,767,634,597,617,642,522,702,657,758
679578,50.94,50.75,607,542,627,767,634,596,618,644,523,705,660,758
680579,50.88,50.75,610,545,631,767,636,597,621,646,527,706,660,758
681581,50.88,50.75,615,551,635,766,639,604,623,648,529,708,663,757
682582,50.88,50.69,613,549,633,767,638,602,622,644,527,703,659,758
683582,50.88,50.69,616,552,636,766,641,604,623,646,532,707,661,758
684582,50.88,50.69,621,558,642,767,646,611,621,644,529,704,661,757
685583,50.81,50.63,610,546,631,766,636,599,618,643,522,705,658,757
686583,50.81,50.63,611,545,631,766,636,601,624,644,530,706,663,757
687583,50.81,50.63,622,561,643,768,646,610,625,644,533,706,664,757
688583,50.75,50.56,617,553,638,766,641,605,626,644,533,708,663,757
689583,50.75,50.56,618,554,638,766,643,605,625,642,531,707,663,757
690583,50.75,50.56,614,550,633,765,638,602,623,643,530,707,662,757
691583,50.75,50.5,619,555,639,766,642,607,629,646,537,709,668,757
692584,50.69,50.5,628,567,647,767,650,614,630,647,539,708,667,756
693585,50.69,50.5,622,560,644,766,646,610,625,644,532,706,663,757
694586,50.69,50.5,621,560,643,765,646,609,629,644,539,709,668,757
695587,50.63,50.44,620,557,643,765,643,608,628,644,535,706,666,756
696587,50.63,50.44,620,559,643,765,644,609,627,646,539,707,667,757
697588,50.63,50.44,619,557,641,757,644,607,623,640,533,703,664,756
698587,50.56,50.44,615,554,637,755,640,605,625,641,536,703,664,755
699588,50.56,50.44,618,557,640,755,644,607,626,643,541,705,667,755
700588,50.56,50.38,621,561,644,757,646,610,629,645,544,708,669,755
701588,50.56,50.38,626,566,649,758,650,615,630,646,547,708,672,754
702588,50.5,50.31,619,558,643,757,645,609,628,647,543,709,672,755
703588,50.5,50.31,618,557,642,758,645,608,624,639,532,705,665,754
704588,50.5,50.31,615,553,640,758,641,605,621,639,530,704,662,754
705588,50.5,50.25,615,556,639,759,640,604,626,642,538,705,667,754
706588,50.5,50.25,611,548,635,758,636,601,626,643,541,707,668,754
707589,50.44,50.25,612,551,637,759,638,603,622,640,532,704,662,754
708590,50.44,50.25,611,549,633,759,636,602,619,637,529,703,662,754
709591,50.44,50.25,608,546,631,758,634,599,617,635,525,701,657,753
710592,50.38,50.25,608,544,631,758,634,598,618,640,527,704,663,753
711593,50.38,50.19,610,546,631,758,636,600,635,650,555,710,675,753
712593,50.38,50.19,618,555,641,760,642,607,626,642,540,705,665,753
713594,50.31,50.19,633,579,657,761,657,624,640,655,562,711,678,753
714594,50.31,50.13,612,550,635,759,637,603,619,640,529,702,659,752
715593,50.31,50.13,609,547,632,757,634,601,620,637,532,702,660,753
716594,50.31,50.13,609,546,631,757,634,600,619,637,530,701,658,753
717594,50.25,50.13,612,551,634,757,636,603,626,644,543,705,668,753
718594,50.25,50.13,618,559,641,758,643,609,622,640,534,700,662,751
719594,50.25,50.06,613,553,638,757,638,603,633,653,555,710,676,753
720594,50.19,50.06,619,559,642,758,643,609,625,644,541,704,665,751
721595,50.19,50.06,626,569,649,759,648,615,633,648,548,706,669,752
722596,50.19,50,621,562,646,758,645,611,623,641,540,702,664,751
723597,50.19,50,615,554,639,757,640,607,627,644,546,705,669,752
724597,50.19,50,616,556,640,757,640,607,630,649,549,709,674,752
725598,50.19,49.94,618,559,640,757,641,607,626,643,543,705,667,751
726598,50.13,49.94,617,558,641,757,641,608,625,644,544,708,666,751
727599,50.13,49.94,622,565,646,757,646,611,625,638,542,705,665,751
728599,50.13,49.88,624,566,647,758,646,613,634,644,557,709,674,751
729600,50.13,49.88,637,578,657,759,656,624,626,636,543,706,668,751
730600,50.13,49.88,621,563,645,757,646,611,626,637,544,705,668,753
731600,50.06,49.88,619,560,641,757,644,608,622,631,536,703,664,751
732601,50.06,49.81,619,561,641,757,641,608,634,643,559,709,675,751
733601,50.06,49.81,614,554,638,756,639,604,648,656,565,705,667,751
734601,50,49.81,622,566,647,757,646,612,630,639,552,708,671,750
735602,50,49.75,613,555,637,755,638,603,621,629,536,703,662,750
736603,50,49.75,612,552,636,755,637,602,624,634,541,702,664,755
737604,49.94,49.75,643,593,669,761,667,640,648,658,573,718,683,751
738604,49.94,49.75,614,554,636,756,638,605,623,635,534,703,664,750
739604,49.94,49.75,614,556,639,755,638,606,624,633,541,704,666,750
740605,49.94,49.69,614,554,636,755,638,605,621,629,536,702,663,750
741606,49.88,49.69,615,555,638,755,638,605,630,638,552,708,670,750
742607,49.88,49.69,624,566,646,756,645,615,630,640,551,708,672,749
743608,49.88,49.63,613,550,635,755,636,603,624,632,542,704,665,750
744608,49.81,49.63,616,557,637,754,639,608,622,632,538,702,663,749
745608,49.81,49.63,615,557,636,754,637,607,623,632,541,702,667,749
746608,49.81,49.56,615,556,638,754,638,606,621,630,536,701,662,749
747609,49.75,49.56,617,559,637,754,638,607,624,634,540,700,664,750
748609,49.75,49.56,615,557,637,754,638,607,628,638,550,705,669,749
749609,49.75,49.56,620,561,640,754,641,611,623,635,537,701,665,748
750610,49.75,49.5,624,568,647,755,646,616,636,645,561,708,676,748
751610,49.75,49.5,628,571,650,755,649,618,626,636,547,705,668,748
752611,49.69,49.5,635,581,657,755,651,625,625,634,543,705,666,748
753611,49.69,49.5,616,558,637,753,639,607,623,635,541,703,663,750
754612,49.69,49.5,617,558,639,753,638,607,618,627,532,700,660,747
755613,49.69,49.5,609,550,631,752,632,601,617,628,533,701,659,747
756614,49.63,49.44,607,546,628,750,629,599,616,626,530,699,657,747
757614,49.63,49.44,607,548,629,751,632,600,626,638,547,705,669,747
758615,49.63,49.44,612,554,636,752,635,605,625,636,546,704,665,747
759617,49.56,49.38,611,553,635,752,636,604,620,632,535,699,662,748
760617,49.56,49.38,612,554,634,752,635,605,621,632,538,701,661,746
761617,49.56,49.38,605,546,628,750,630,598,616,626,530,697,657,747
762617,49.56,49.38,606,548,630,751,629,599,614,625,528,696,654,746
763617,49.5,49.31,604,547,627,750,629,597,615,627,529,697,658,747
764617,49.5,49.31,605,547,629,751,629,599,632,643,556,707,671,747
765617,49.5,49.31,614,557,638,752,641,611,620,631,539,700,663,745
766618,49.44,49.25,614,558,636,750,636,610,623,633,541,701,662,746
767619,49.44,49.25,612,555,635,750,635,606,629,638,553,705,670,746
768620,49.44,49.25,614,557,637,751,637,608,619,629,535,699,660,745
769621,49.44,49.25,609,552,631,750,632,603,620,630,537,700,662,745
770622,49.44,49.25,620,567,645,752,644,615,624,636,544,701,665,747
771623,49.38,49.19,612,558,636,751,637,607,622,632,542,701,664,744
772623,49.38,49.19,610,556,634,751,636,605,620,631,538,701,661,744
773624,49.38,49.19,609,552,632,749,634,603,616,627,533,698,658,745
774625,49.31,49.19,605,548,628,749,630,599,616,627,532,698,657,745
775625,49.31,49.13,606,548,627,749,630,601,619,630,536,699,659,746
776625,49.31,49.13,612,554,634,749,635,607,624,636,545,700,666,744
777625,49.31,49.13,615,559,637,749,636,608,623,634,543,700,665,745
778625,49.25,49.13,626,572,645,750,642,614,620,631,540,699,661,744
779626,49.25,49.13,613,557,635,748,635,607,627,640,550,705,667,744
780627,49.25,49.06,615,560,637,749,638,609,627,641,545,704,669,745
781628,49.19,49.06,620,564,642,750,641,613,627,641,551,706,671,744
782629,49.19,49.06,616,561,638,749,638,611,622,633,542,702,664,743
783630,49.19,49,612,556,633,749,634,606,620,634,536,701,664,744
784630,49.19,49,613,557,635,748,635,606,622,635,539,701,663,743
785631,49.19,49,612,558,635,748,635,607,632,642,563,706,674,744
786631,49.19,48.94,619,566,642,749,642,614,630,640,556,705,670,744
787632,49.13,48.94,613,558,636,747,635,607,624,633,542,700,664,743
788632,49.13,48.94,610,555,632,747,633,604,620,630,538,700,660,743
789632,49.06,48.94,609,554,632,747,634,604,620,630,539,699,661,743
790632,49.06,48.88,612,557,634,747,636,607,623,634,544,700,663,742
791632,49.06,48.88,621,568,646,749,643,616,631,641,556,703,672,744
792632,49.06,48.88,622,571,646,748,644,616,628,638,553,704,670,743
793633,49,48.88,621,569,646,748,643,617,637,647,563,708,676,742
794634,49,48.88,624,573,647,748,645,617,629,643,554,708,669,743
795635,49,48.81,616,563,639,747,639,612,629,639,543,702,666,743
796636,48.94,48.81,621,573,641,747,640,623,637,643,559,704,670,742
797637,48.94,48.81,619,570,640,746,638,620,634,640,553,704,670,742
798637,48.94,48.81,616,567,637,746,636,618,635,640,554,704,667,742
799637,48.88,48.75,618,568,637,746,637,618,636,644,555,706,671,742
800638,48.88,48.75,621,574,641,746,641,623,633,639,550,705,667,742
801639,48.88,48.75,623,574,644,747,642,623,630,637,548,702,665,741
802639,48.88,48.69,624,576,643,747,642,623,635,641,552,704,668,741
803639,48.81,48.69,622,573,641,746,640,623,634,641,555,705,669,742
804639,48.81,48.69,626,578,646,746,644,627,633,640,552,704,668,741
805639,48.81,48.63,627,578,644,746,643,624,633,639,552,705,667,741
806639,48.81,48.63,624,575,643,745,642,624,634,641,555,704,669,742
807640,48.81,48.63,624,576,644,745,642,625,636,642,559,705,670,741
808641,48.75,48.63,625,578,645,745,643,625,636,642,560,704,669,741
809642,48.75,48.56,621,572,640,744,640,622,629,636,547,703,665,741
810643,48.75,48.56,614,564,635,744,633,617,628,636,542,700,662,744
811644,48.75,48.56,619,570,639,744,637,621,628,637,543,700,662,740
812645,48.69,48.5,616,566,637,744,635,618,628,637,541,700,662,740
813645,48.69,48.5,620,572,641,744,639,622,629,635,545,700,663,739
814645,48.69,48.5,620,571,640,744,639,621,629,635,546,700,663,739
815646,48.69,48.44,615,566,636,742,634,618,628,633,543,699,663,739
816646,48.69,48.44,615,566,637,743,635,617,627,637,544,698,662,741
817646,48.63,48.44,619,570,640,743,638,621,629,636,547,701,663,738
818647,48.63,48.44,616,568,638,742,635,619,629,636,547,701,663,738
819647,48.63,48.44,620,573,642,743,640,624,627,637,541,699,662,739
820647,48.56,48.38,615,567,637,742,634,619,628,635,547,701,663,738
821647,48.56,48.38,618,569,639,743,636,621,629,637,550,700,663,739
822648,48.56,48.38,610,560,631,742,629,614,623,631,541,697,660,739
823649,48.5,48.31,612,562,632,741,631,615,620,630,533,696,658,739
824650,48.5,48.31,607,557,628,741,629,613,617,624,531,693,652,738
825651,48.5,48.31,603,552,622,740,623,607,615,624,527,692,652,738
826652,48.44,48.31,603,552,621,740,622,608,615,624,526,692,648,737
827653,48.44,48.25,603,552,621,739,622,607,616,625,527,691,652,738
828654,48.44,48.25,601,550,621,739,621,606,615,627,522,691,651,738
829655,48.44,48.25,601,549,620,740,621,606,616,626,522,691,649,737
830655,48.44,48.25,601,549,621,739,622,607,616,623,527,693,650,737
831654,48.44,48.25,603,549,622,740,622,607,616,624,526,691,648,737
832655,48.38,48.19,602,552,621,739,622,607,616,622,525,691,650,737
833655,48.38,48.19,603,551,621,739,622,607,616,624,524,689,648,737
834655,48.38,48.19,603,551,621,740,622,606,617,623,528,692,650,738
835655,48.38,48.13,605,553,622,739,624,609,618,625,529,693,652,736
836655,48.31,48.13,608,558,625,740,627,611,625,632,542,697,658,737
837655,48.31,48.13,612,564,632,740,632,616,622,627,536,696,654,737
838655,48.31,48.13,614,567,634,740,633,617,624,630,540,697,656,738
839656,48.31,48.06,612,561,631,740,630,615,616,627,523,692,652,736
840657,48.31,48.06,604,552,622,739,623,608,617,623,531,692,650,738
841658,48.25,48.06,605,555,623,739,625,609,618,625,528,692,650,735
842658,48.25,48,605,553,623,739,623,609,619,629,528,692,651,736
843658,48.25,48,605,554,623,738,624,608,617,627,528,691,651,735
844658,48.19,48,606,555,624,738,625,609,617,625,529,690,651,737
845660,48.19,48,604,553,622,738,622,607,617,624,528,691,651,737
846660,48.19,48,606,553,622,738,624,608,617,624,530,692,650,736
847660,48.19,47.94,605,554,623,738,623,610,619,625,530,693,650,735
848660,48.13,47.94,610,561,629,739,628,614,621,629,539,695,657,735
849660,48.13,47.94,613,564,631,739,631,616,621,629,537,694,655,735
850660,48.13,47.88,610,561,628,738,627,613,620,627,531,691,652,737
851661,48.06,47.88,605,554,622,737,622,609,618,628,526,691,651,736
852662,48.06,47.88,606,554,622,737,623,611,617,624,529,690,651,734
853662,48.06,47.88,604,553,623,737,622,607,618,624,531,691,652,735
854663,48.06,47.81,605,554,623,737,622,610,617,624,532,691,650,735
855664,48,47.81,605,555,623,737,623,608,616,624,529,691,652,736
856665,48,47.81,605,554,623,737,623,609,618,625,529,690,651,734
857666,48,47.81,606,556,623,738,623,609,619,626,532,692,652,736
858666,48,47.75,606,556,625,738,624,611,621,626,534,693,652,734
859666,48,47.75,607,558,626,737,627,612,622,627,538,695,654,734
860668,47.94,47.75,615,568,633,738,632,620,618,624,531,692,650,734
861668,47.94,47.69,603,554,622,736,622,608,617,624,529,690,651,735
862668,47.94,47.69,603,554,623,736,622,609,617,626,524,691,649,735
863668,47.94,47.69,603,555,623,736,623,609,618,623,531,691,651,733
864668,47.88,47.69,606,556,624,736,624,610,618,625,531,691,652,733
865668,47.88,47.69,605,556,624,736,625,611,619,628,531,692,653,733
866669,47.81,47.63,611,564,633,737,629,615,619,625,534,692,652,733
867670,47.81,47.63,607,556,626,736,625,610,621,628,535,692,655,734
868671,47.81,47.63,605,557,625,736,624,610,620,625,534,693,652,734
869672,47.81,47.63,608,558,626,736,626,613,620,625,536,694,652,733
870673,47.75,47.56,607,557,626,736,626,611,624,628,541,696,657,733
871674,47.75,47.56,607,556,625,736,625,611,621,626,536,693,652,733
872676,47.75,47.56,613,565,631,736,630,617,629,638,546,698,660,735
873676,47.75,47.5,610,563,630,736,628,615,623,632,536,695,655,733
874676,47.75,47.5,610,562,629,736,628,615,621,626,536,693,654,734
875676,47.69,47.5,608,559,626,735,625,613,622,626,540,694,654,731
876676,47.69,47.5,616,572,637,736,634,620,632,636,555,701,665,732
877676,47.69,47.5,609,560,629,735,628,614,623,626,540,695,654,731
878676,47.63,47.5,609,562,630,735,627,615,622,629,540,694,657,733
879676,47.63,47.44,610,563,629,734,627,614,621,626,539,696,654,733
880677,47.63,47.44,608,560,626,735,626,612,623,627,540,696,656,731
881678,47.63,47.44,610,562,628,734,628,614,622,627,540,695,655,731
882679,47.56,47.38,610,563,629,734,629,614,622,626,539,696,657,731
883680,47.56,47.38,610,562,629,734,629,615,623,630,537,695,658,731
884681,47.56,47.38,608,559,627,734,627,613,621,627,536,693,655,732
885682,47.56,47.38,608,559,627,734,626,613,621,626,539,695,654,732
886682,47.56,47.38,608,562,627,734,628,614,622,627,541,696,656,731
887682,47.5,47.31,609,561,628,733,628,614,623,626,542,696,655,731
888682,47.5,47.31,610,563,629,734,628,615,622,626,541,696,657,731
889682,47.5,47.31,612,566,632,734,630,617,624,629,545,696,658,732
890683,47.5,47.31,612,567,631,734,631,618,629,634,551,699,662,730
891682,47.5,47.25,612,566,632,734,631,618,632,637,559,701,665,730
892683,47.5,47.25,617,574,638,734,636,623,627,631,550,698,660,730
893683,47.44,47.25,637,601,661,738,655,643,619,627,534,693,653,730
894683,47.44,47.25,605,558,625,732,625,612,619,627,533,693,653,730
895683,47.44,47.25,604,559,625,732,625,612,618,624,535,691,654,732
896684,47.44,47.19,604,559,625,732,625,612,620,624,539,693,653,731
897685,47.38,47.19,607,562,626,732,627,613,637,640,566,701,670,730
898685,47.38,47.19,617,576,639,733,637,624,632,636,559,700,666,729
899686,47.38,47.19,625,583,647,734,643,630,633,638,561,701,668,730
900686,47.31,47.13,621,581,644,734,641,627,641,648,578,706,675,730
901686,47.31,47.13,626,586,647,735,645,632,628,634,551,695,664,731
902686,47.31,47.13,614,570,635,732,633,620,625,630,550,696,660,730
903687,47.31,47.13,617,573,636,732,635,622,630,634,558,699,666,728
904687,47.25,47.06,621,578,642,733,639,627,626,630,549,697,660,729
905687,47.25,47.06,615,571,636,732,634,621,627,636,549,697,662,729
906687,47.25,47.06,615,572,637,733,635,621,628,632,555,698,663,730
907687,47.19,47.06,616,574,638,732,635,622,629,635,555,698,664,728
908687,47.19,47.06,618,574,639,732,636,623,629,634,558,700,664,728
909687,47.19,47,619,576,641,732,638,624,629,634,558,700,664,728
910687,47.19,47,617,576,639,733,637,623,635,640,568,702,669,729
911688,47.19,47,616,575,638,731,636,622,626,630,551,697,660,728
912688,47.13,46.94,618,575,640,732,637,623,628,636,553,699,662,728
913689,47.13,46.94,630,592,654,734,649,635,638,644,569,704,673,729
914690,47.13,46.94,613,568,635,730,632,618,640,646,574,706,674,729
915690,47.13,46.94,613,569,635,731,632,618,639,644,576,705,672,727
916690,47.06,46.88,630,590,652,733,648,633,637,642,572,704,671,727
917690,47.06,46.88,613,569,635,730,633,618,629,633,558,700,663,726
918691,47.06,46.88,615,571,636,731,634,621,622,626,545,696,658,728
919691,47.06,46.88,608,565,628,729,628,614,621,626,546,696,655,726
920691,47.06,46.88,605,560,625,729,625,612,617,623,537,693,654,726
921691,47,46.81,614,570,635,730,632,620,623,628,546,697,656,726
922691,47,46.81,606,564,627,728,625,613,628,637,552,700,661,725
923691,47,46.81,608,564,628,728,626,614,620,625,543,695,656,726
924691,46.94,46.75,619,576,639,730,636,623,622,630,546,696,657,727
925692,46.94,46.75,613,569,635,729,632,619,628,633,556,700,662,725
926693,46.94,46.75,615,573,636,730,633,621,626,631,553,699,661,725
927694,46.94,46.75,612,569,633,730,630,618,625,630,550,699,658,725
928694,46.94,46.75,617,575,637,729,635,622,625,629,550,698,658,724
929695,46.94,46.75,613,570,634,730,632,619,626,630,552,699,659,724
930695,46.88,46.69,614,571,634,729,632,620,625,632,549,697,660,726
931695,46.81,46.69,613,570,634,729,633,619,625,631,552,699,661,725
932696,46.81,46.69,615,571,636,729,633,620,625,634,547,698,660,723
933696,46.81,46.69,620,581,642,730,640,626,627,633,556,700,660,723
934696,46.75,46.63,603,557,623,727,622,610,617,624,533,693,651,724
935696,46.75,46.63,604,559,623,727,623,610,617,622,538,693,650,725
936696,46.75,46.63,604,560,625,727,625,613,618,622,537,693,652,723
937696,46.75,46.56,605,560,625,726,623,612,617,621,538,692,651,725
938696,46.75,46.56,604,559,624,727,623,613,617,622,537,691,651,723
939697,46.69,46.56,605,560,624,727,623,613,617,623,539,692,652,723
940697,46.69,46.56,605,561,625,727,625,613,618,623,539,691,653,722
941697,46.69,46.56,606,562,626,727,625,613,616,623,539,689,652,724
942698,46.69,46.5,606,562,624,727,625,614,618,624,541,692,651,724
943699,46.63,46.5,606,563,627,727,625,614,619,627,540,693,654,722
944700,46.63,46.5,610,567,629,728,628,617,619,625,544,693,654,722
945701,46.63,46.44,611,570,632,728,631,618,626,635,552,697,660,723
946700,46.63,46.44,607,564,627,727,627,614,619,624,544,692,653,723
947700,46.63,46.44,606,562,627,727,626,614,617,624,538,690,651,724
948701,46.56,46.44,604,559,623,726,622,611,619,625,544,693,653,724
949701,46.56,46.44,601,558,621,726,623,609,614,621,537,690,651,722
950701,46.5,46.38,602,558,622,726,622,610,613,620,535,689,651,722
951701,46.5,46.38,603,560,624,726,624,612,614,620,537,690,650,721
952701,46.5,46.38,605,561,623,726,624,615,616,621,538,689,649,723
953702,46.5,46.38,605,561,623,726,624,613,616,617,539,690,651,722
954702,46.5,46.38,603,560,622,725,623,612,616,621,535,690,651,723
955702,46.44,46.31,604,562,623,725,623,613,615,619,536,689,650,720
956703,46.44,46.31,604,559,621,726,623,613,616,617,538,689,650,720
957703,46.44,46.31,604,561,623,725,623,613,617,617,538,690,650,721
958703,46.44,46.25,606,564,626,725,626,615,618,619,538,689,650,722
959703,46.38,46.25,610,568,627,726,628,616,620,623,543,692,655,722
960705,46.38,46.25,629,593,649,729,645,636,626,626,555,696,661,721
961706,46.38,46.19,613,570,631,726,630,619,628,628,558,697,661,721
962707,46.38,46.19,611,569,630,726,628,618,621,622,548,693,656,720
963707,46.38,46.19,612,569,629,726,629,621,622,623,549,693,656,721
964707,46.31,46.19,606,561,623,725,623,613,621,624,546,693,654,722
965707,46.31,46.13,605,561,623,724,622,614,617,617,540,691,651,721
966707,46.31,46.13,605,562,622,725,623,614,616,617,540,691,651,719
967707,46.31,46.13,606,566,624,725,624,615,617,617,541,691,652,720
968708,46.31,46.06,598,554,615,723,617,609,611,611,532,688,647,720
969709,46.31,46.06,599,555,616,723,616,611,611,612,531,687,648,720
970710,46.25,46.06,599,556,617,723,619,610,612,612,532,688,646,718
971711,46.25,46.06,599,555,616,722,617,610,615,616,536,688,650,720
972712,46.25,46.06,597,552,614,723,616,608,609,611,529,686,647,719
973713,46.19,46,599,554,615,723,617,610,610,611,532,687,645,719
974714,46.19,46,598,554,615,723,615,610,610,612,531,688,647,718
975715,46.19,46,600,555,615,723,615,610,612,615,530,686,647,720
976715,46.19,46,596,551,613,722,613,608,610,611,529,687,645,719
977716,46.13,46,596,551,614,722,613,609,610,611,529,686,646,719
978716,46.13,46,596,552,613,722,613,608,609,614,525,686,646,718
979716,46.13,45.94,596,551,614,722,614,608,610,609,529,686,645,718
980716,46.06,45.94,596,549,612,721,612,606,608,609,527,686,646,718
981717,46.06,45.94,597,553,616,722,615,609,609,612,526,684,645,720
982717,46.06,45.94,594,548,614,721,613,606,609,609,527,686,646,719
983718,46.06,45.88,594,549,613,721,612,606,608,608,525,685,645,717
984719,46.06,45.88,596,550,615,722,613,607,608,608,527,686,645,718
985720,46,45.88,597,551,614,721,613,608,609,609,526,685,644,718
986720,46,45.81,596,551,614,721,613,606,608,612,523,686,647,719
987742,46,45.81,596,551,613,721,614,607,608,613,522,685,644,717
988722,45.94,45.81,596,552,613,721,614,606,609,609,528,686,644,719
989721,45.94,45.75,596,551,614,721,612,608,609,609,525,688,645,717
990722,45.94,45.75,594,549,612,721,612,607,609,613,524,688,643,716
991722,45.94,45.75,594,550,613,720,612,606,608,611,524,688,644,716
992722,45.94,45.75,594,549,613,719,613,606,608,610,526,687,645,719
993722,45.94,45.75,595,551,614,720,613,606,608,608,527,688,646,717
994722,45.88,45.75,595,550,614,720,613,605,609,608,528,689,644,716
995722,45.88,45.69,595,551,614,719,614,605,608,609,527,689,646,716
996722,45.88,45.69,596,552,615,719,614,607,609,609,528,689,645,716
997722,45.81,45.69,596,551,615,719,614,609,609,611,526,690,644,716
998722,45.88,45.69,597,554,616,720,615,608,610,612,527,689,647,718
999723,45.81,45.63,599,554,616,720,615,609,610,611,530,689,645,717
1000724,45.81,45.63,599,556,617,720,616,611,611,610,530,689,645,715
1001725,45.81,45.63,598,554,616,719,614,611,612,611,531,690,648,715
1002725,45.81,45.63,600,555,617,719,615,611,611,611,533,689,647,715
1003726,45.81,45.63,600,557,618,720,616,612,611,612,532,689,646,717
1004726,45.75,45.56,600,557,617,720,617,612,613,613,531,687,648,715
1005726,45.75,45.56,604,560,621,720,619,613,615,615,538,690,649,717
1006727,45.75,45.56,617,578,636,722,631,626,622,623,550,696,656,715
1007727,45.75,45.56,608,568,626,720,624,617,621,622,549,693,656,715
1008727,45.69,45.5,608,568,627,721,625,618,619,624,541,694,656,715
1009727,45.69,45.5,609,569,629,721,626,618,620,623,546,693,655,716
1010727,45.69,45.5,611,572,631,721,629,619,621,621,549,695,656,716
1011728,45.63,45.5,612,573,632,721,629,621,621,625,548,695,656,715
1012729,45.63,45.5,575,526,590,715,593,589,594,595,504,678,631,715
1013730,45.63,45.44,571,522,589,715,591,585,589,588,497,676,628,715
1014731,45.63,45.44,571,520,585,714,589,585,587,587,492,675,622,715
1015732,45.63,45.44,572,521,585,714,588,586,586,587,490,673,624,713
1016732,45.56,45.44,569,521,584,714,588,583,584,585,491,673,624,713
1017733,45.56,45.38,567,515,580,714,585,583,585,585,488,673,621,714
1018734,45.56,45.38,565,515,580,714,585,579,582,586,483,673,621,714
1019734,45.5,45.38,565,513,579,713,584,579,582,582,485,672,621,714
1020734,45.5,45.38,564,512,579,713,583,579,582,581,485,672,621,712
1021735,45.5,45.38,564,513,580,713,584,578,582,581,485,672,621,714
1022735,45.5,45.31,565,513,580,713,583,580,582,585,482,672,621,713
1023735,45.44,45.31,562,510,577,713,582,576,581,583,482,671,618,712
1024735,45.44,45.31,560,511,577,713,581,575,580,582,479,669,618,712
1025737,45.44,45.31,561,509,576,713,582,575,578,581,481,670,618,712
1026739,45.44,45.25,562,510,577,714,581,576,579,582,479,669,618,711
1027739,45.44,45.25,561,511,575,714,581,575,578,580,479,669,615,711
1028739,45.44,45.25,561,509,576,714,581,576,578,580,479,669,615,713
1029740,45.38,45.25,561,509,576,714,580,575,579,583,475,669,618,711
1030740,45.38,45.25,561,510,575,712,581,575,579,584,477,669,618,712
1031740,45.38,45.25,561,507,576,713,580,574,580,584,477,669,618,711
1032741,45.38,45.19,561,508,577,713,581,575,580,584,480,668,618,712
1033741,45.38,45.19,561,510,576,713,581,575,580,581,483,669,620,711
1034742,45.31,45.19,562,510,576,713,582,576,580,581,481,669,619,712
1035742,45.31,45.19,563,513,576,713,582,577,583,587,482,669,618,712
1036743,45.31,45.19,562,512,576,712,582,578,581,583,481,669,618,712
1037743,45.25,45.13,561,511,575,712,581,578,581,582,482,669,618,711
1038743,45.25,45.13,562,512,577,713,582,578,580,584,477,669,618,711
1039744,45.25,45.13,565,513,578,713,583,579,581,582,481,669,617,711
1040744,45.25,45.06,568,517,581,713,587,581,584,585,487,671,622,710
1041745,45.19,45.06,566,516,581,713,586,582,584,585,486,671,620,711
1042744,45.19,45.06,568,518,582,713,587,582,586,587,489,672,623,712
1043745,45.19,45.06,564,513,578,712,583,578,582,585,483,670,619,709
1044747,45.19,45,563,513,577,712,583,577,582,583,485,671,617,710
1045746,45.19,45,563,514,578,712,584,578,582,584,484,672,618,711
1046747,45.19,45,565,515,581,712,585,580,584,584,485,672,620,710
1047748,45.13,45,565,514,579,712,584,579,584,585,483,673,620,710
1048748,45.13,44.94,565,516,582,712,585,579,583,584,484,673,619,709
1049748,45.13,44.94,563,514,579,712,583,578,584,588,484,671,619,709
1050749,45.13,44.94,562,513,578,712,582,577,580,582,482,672,619,711
1051749,45.06,44.94,563,512,579,713,583,578,581,585,482,673,618,709
1052749,45.06,44.94,562,513,578,712,583,577,580,584,481,672,618,710
1053750,45.06,44.94,563,512,579,712,583,577,581,585,480,672,618,710
1054750,45.06,44.88,562,513,577,711,582,577,581,583,481,671,618,708
1055750,45.06,44.88,563,514,578,711,583,577,580,583,480,672,617,708
1056750,45.06,44.88,561,512,576,712,582,577,581,587,477,672,618,710
1057751,45,44.88,562,512,578,711,583,576,583,585,487,673,620,710
1058752,45,44.88,563,516,580,711,584,579,581,587,480,673,617,709
1059753,45,44.81,563,513,580,710,584,578,582,589,482,673,619,710
1060753,45,44.81,563,513,577,711,583,579,581,585,483,672,620,707
1061756,45,44.81,563,513,577,711,583,577,581,585,483,672,619,708
1062754,45,44.81,562,513,577,712,583,577,580,583,482,673,617,709
1063754,44.94,44.75,562,511,577,710,581,576,580,583,480,672,616,708
1064755,44.94,44.75,562,511,576,711,582,575,578,582,482,672,616,708
1065755,44.94,44.75,562,511,575,710,581,574,580,583,480,672,616,707
1066755,44.94,44.75,559,510,576,710,581,576,579,586,477,672,615,706
1067755,44.94,44.75,559,506,575,710,579,574,577,584,478,672,614,708
1068755,44.94,44.69,554,497,575,709,580,560,578,583,481,672,616,708
1069756,44.88,44.69,553,500,576,710,580,560,569,578,478,672,614,708
1070756,44.88,44.69,554,500,577,710,580,560,568,578,476,672,614,707
1071757,44.88,44.69,553,497,577,709,580,561,568,576,477,670,615,706
1072758,44.88,44.63,554,499,575,709,580,561,568,575,479,672,613,706
1073759,44.88,44.63,553,499,574,709,580,561,569,576,480,672,613,707
1074764,44.81,44.63,553,498,574,709,580,561,568,577,476,672,614,707
1075762,44.81,44.63,552,498,574,709,578,560,568,575,479,672,615,706
1076762,44.81,44.63,553,497,574,709,580,561,568,577,478,668,613,706
1077762,44.75,44.56,553,499,576,708,580,561,568,577,478,670,614,706
1078764,44.75,44.56,553,497,575,708,579,561,568,578,477,672,616,705
1079765,44.75,44.56,554,499,576,708,580,561,568,578,474,671,612,705
1080765,44.75,44.56,554,497,574,708,578,562,569,578,478,671,613,705
1081765,44.69,44.5,553,500,577,708,579,562,569,578,478,670,614,706
1082765,44.69,44.5,554,498,577,708,580,562,569,577,477,668,614,707
1083765,44.69,44.5,553,498,576,708,579,562,570,577,481,671,616,706
1084765,44.69,44.5,554,500,575,708,580,561,569,575,480,671,613,705
1085765,44.69,44.5,552,498,575,708,578,561,569,578,475,670,615,706
1086766,44.69,44.5,553,496,575,708,578,561,568,576,478,667,613,702
1087767,44.63,44.44,551,497,574,708,578,560,568,575,477,670,614,705
1088768,44.63,44.44,550,497,575,708,577,559,568,576,476,669,611,704
1089768,44.63,44.44,552,498,574,707,577,560,568,577,473,669,612,704
1090769,44.63,44.38,552,498,577,707,579,561,568,577,477,669,612,705
1091770,44.63,44.38,550,498,574,707,578,559,568,575,475,668,612,705
1092769,44.63,44.38,551,498,574,708,578,559,567,576,474,668,610,704
1093770,44.56,44.38,549,498,576,707,578,560,567,576,476,669,612,703
1094770,44.56,44.38,550,496,574,708,577,559,567,576,477,668,613,704
1095770,44.56,44.38,551,499,576,708,579,560,568,575,476,670,612,703
1096770,44.56,44.31,551,498,573,706,578,560,566,578,473,670,613,704
1097770,44.5,44.31,550,497,574,707,578,561,569,578,476,665,615,700
1098771,44.5,44.31,549,496,574,706,576,560,568,579,472,668,611,703
1099772,44.5,44.31,550,494,572,706,576,561,568,577,476,668,612,704
1100773,44.44,44.25,551,498,573,706,577,559,566,575,476,669,609,704
1101774,44.44,44.25,549,496,571,705,576,559,568,578,474,669,609,703
1102775,44.44,44.25,550,497,573,706,577,561,567,576,473,669,610,704
1103775,44.44,44.25,551,498,571,706,577,562,567,574,476,668,609,704
1104776,44.44,44.25,551,497,572,706,577,562,567,574,473,669,610,703
1105777,44.44,44.25,550,498,571,706,576,561,568,577,474,667,610,702
1106777,44.38,44.19,550,498,572,706,576,561,567,576,474,664,609,702
1107777,44.38,44.19,550,499,573,705,577,562,567,576,475,665,608,699
1108777,44.38,44.19,551,498,572,705,576,561,570,579,473,669,611,702
1109778,44.38,44.19,549,495,572,705,576,557,568,576,473,670,610,703
1110778,44.38,44.19,548,495,572,705,576,558,566,575,473,670,611,701
1111778,44.38,44.13,548,493,571,704,576,556,567,574,475,668,611,701
1112779,44.31,44.13,546,493,571,705,576,556,566,574,475,670,608,701
1113780,44.31,44.13,546,492,571,704,576,555,566,574,474,668,609,702
1114781,44.31,44.13,547,492,571,703,576,556,565,571,475,669,610,702
1115782,44.31,44.06,547,494,571,705,574,555,566,571,477,668,611,703
1116783,44.31,44.06,546,494,569,705,576,556,565,572,471,665,607,703
1117784,44.25,44.06,548,496,572,705,576,557,564,573,470,668,608,701
1118785,44.25,44.06,547,495,571,705,576,557,564,572,472,667,607,702
1119786,44.25,44.06,545,492,569,704,575,555,566,572,474,668,607,701
1120787,44.25,44.06,545,491,569,704,574,554,564,573,471,667,608,702
1121786,44.19,44,544,492,570,704,576,555,564,572,470,667,608,701
1122787,44.19,44,546,492,570,704,576,555,564,571,472,666,608,699
1123788,44.19,44,545,492,570,704,575,554,565,573,473,668,609,700
1124788,44.19,44,544,492,570,704,575,553,564,571,475,668,609,701
1125789,44.19,44,543,490,569,704,575,553,564,570,473,667,609,702
1126790,44.19,43.94,544,491,570,703,576,554,564,571,472,663,611,697
1127790,44.13,43.94,545,493,570,703,574,553,564,572,474,664,608,700
1128791,44.13,43.94,544,490,570,704,575,553,564,569,477,665,607,701
1129792,44.13,43.94,545,493,570,704,576,553,562,569,475,666,606,700
1130793,44.13,43.88,546,491,569,704,575,553,563,568,473,666,608,701
1131794,44.13,43.88,545,491,567,704,574,553,562,571,470,667,606,700
1132795,44.06,43.88,546,494,570,704,575,555,564,572,470,667,605,700
1133796,44.06,43.88,546,493,569,704,575,554,565,571,475,666,607,700
1134798,44.06,43.88,545,491,570,703,573,553,564,571,473,667,607,698
1135799,44.06,43.81,547,494,572,703,575,554,566,569,476,668,607,699
1136799,44,43.81,547,494,571,703,576,555,566,570,476,668,607,699
1137799,44,43.81,545,493,572,703,575,555,565,570,478,669,607,700
1138800,44,43.81,547,494,570,703,575,556,566,573,476,665,611,696
1139800,44,43.81,546,494,572,702,577,554,564,572,475,667,609,699
1140800,44,43.75,546,494,572,702,576,557,564,571,476,669,609,698
1141800,44,43.75,547,497,573,703,578,556,566,571,478,669,608,698
1142800,43.94,43.75,548,496,573,702,577,557,564,572,475,669,609,699
1143801,43.94,43.75,548,496,574,702,576,556,565,570,478,669,609,699
1144802,43.94,43.75,550,498,574,702,577,559,565,570,476,668,608,697
1145804,43.88,43.69,550,498,575,702,578,559,568,572,482,669,609,699
1146804,43.88,43.69,552,501,576,702,579,560,567,575,480,669,610,697
1147806,43.88,43.69,557,509,585,703,586,567,568,576,485,667,610,695
1148806,43.88,43.69,543,493,570,701,574,555,567,575,474,669,609,698
1149808,43.88,43.63,542,490,567,700,572,551,563,571,469,667,607,698
1150808,43.88,43.63,542,491,567,701,571,553,563,569,472,665,606,698
1151808,43.81,43.63,545,494,572,701,575,555,564,571,473,667,607,698
1152808,43.81,43.63,543,493,569,701,575,554,564,573,476,668,608,697
1153809,43.81,43.63,543,491,569,701,573,554,562,569,476,667,607,698
1154810,43.81,43.63,542,491,569,701,574,552,562,569,473,668,607,697
1155810,43.81,43.56,543,493,569,700,573,552,560,567,470,667,605,698
1156810,43.81,43.56,559,513,585,702,587,572,561,568,472,667,606,695
1157810,43.75,43.56,560,513,586,702,588,570,576,579,493,673,619,697
1158811,43.75,43.56,551,502,577,701,580,563,569,576,479,669,611,697
1159812,43.75,43.56,558,510,583,702,586,567,565,567,472,667,606,698
1160813,43.75,43.5,553,503,576,700,579,565,568,574,477,669,611,697
1161814,43.69,43.5,541,489,567,700,570,554,563,569,471,667,607,695
1162814,43.69,43.5,555,506,580,700,583,565,569,575,482,670,613,696
1163816,43.69,43.5,554,504,581,701,583,565,571,575,488,671,614,695
1164817,43.69,43.5,558,511,583,701,587,567,574,578,494,673,617,697
1165816,43.69,43.5,559,512,583,701,588,569,580,586,501,676,622,695
1166817,43.63,43.44,558,511,581,701,585,569,575,577,494,673,617,697
1167817,43.63,43.44,549,499,573,700,576,560,574,578,490,671,615,695
1168821,43.63,43.44,559,511,585,701,585,569,567,571,481,665,607,695
1169820,43.56,43.44,558,510,581,701,585,568,574,577,492,673,616,696
1170819,43.56,43.44,559,512,582,700,586,569,575,582,490,673,616,695
1171819,43.56,43.44,559,510,583,700,585,568,573,575,492,672,614,695
1172821,43.56,43.38,557,509,581,700,584,567,573,577,492,673,614,695
1173822,43.56,43.38,559,510,582,700,584,569,573,578,491,672,615,694
1174823,43.56,43.38,558,510,581,700,586,568,572,577,490,672,615,694
1175824,43.56,43.38,559,512,582,700,585,568,573,576,494,672,616,695
1176824,43.5,43.31,559,512,581,700,585,570,573,575,493,672,617,695
1177826,43.5,43.31,559,510,583,700,586,568,572,575,493,673,618,695
1178827,43.5,43.31,560,511,584,700,585,569,573,575,494,673,616,694
1179828,43.5,43.25,562,515,585,700,588,571,573,576,497,673,618,694
1180827,43.5,43.25,560,513,585,700,587,568,575,581,493,674,619,694
1181828,43.44,43.25,554,504,577,699,579,565,574,581,492,674,617,694
1182828,43.44,43.25,553,503,576,699,579,565,568,572,487,670,613,693
1183829,43.44,43.25,553,501,573,698,577,565,567,570,484,670,612,693
1184830,43.44,43.25,549,497,571,698,576,561,564,570,477,667,609,693
1185832,43.44,43.19,548,498,570,698,575,560,564,566,477,668,609,692
1186833,43.38,43.19,547,498,572,698,576,560,564,566,480,667,607,694
1187834,43.38,43.19,548,497,571,698,574,560,563,565,479,666,607,693
1188835,43.38,43.19,547,496,570,697,574,557,562,565,478,667,607,693
1189836,43.38,43.13,546,497,570,698,575,558,563,565,479,667,608,693
1190837,43.38,43.13,547,497,571,698,575,557,563,567,477,668,609,691
1191837,43.31,43.13,546,495,570,699,574,557,562,569,477,670,609,692
1192837,43.31,43.13,544,495,569,698,574,556,561,568,474,668,607,693
1193838,43.31,43.13,546,497,569,698,574,555,561,564,479,666,606,692
1194839,43.31,43.13,548,496,570,697,573,557,562,565,477,664,609,689
1195839,43.25,43.06,545,493,569,697,573,555,561,562,477,665,606,692
1196839,43.25,43.06,545,496,570,698,573,556,562,566,476,665,606,692
1197840,43.25,43.06,544,496,570,698,574,556,561,565,479,667,607,692
1198840,43.25,43.06,545,495,568,698,574,555,561,564,480,666,608,692
1199841,43.25,43.06,546,495,569,698,573,555,562,565,478,669,606,692
1200841,43.25,43,545,496,570,698,575,555,562,567,476,668,608,692
1201841,43.19,43,546,496,571,698,575,556,562,567,478,669,607,692
1202842,43.19,43,546,495,572,697,575,556,562,565,480,667,608,692
1203843,43.19,43,548,497,573,697,576,558,562,566,480,668,608,690
1204844,43.19,43,549,496,573,698,577,558,564,566,483,667,610,692
1205845,43.19,43,550,502,573,696,577,559,564,568,482,668,611,691
1206845,43.13,42.94,549,501,573,697,577,560,565,569,483,669,611,691
1207845,43.13,42.94,552,504,575,697,578,561,565,570,483,669,612,690
1208845,43.13,42.94,551,501,577,697,578,560,565,572,479,669,611,689
1209846,43.13,42.94,550,502,576,698,578,560,566,572,483,671,613,690
1210846,43.06,42.94,551,500,575,697,577,559,567,570,487,670,613,691
1211846,43.06,42.94,551,503,575,697,578,560,565,572,481,671,612,691
1212846,43.06,42.88,550,499,572,697,575,559,567,572,485,671,613,691
1213846,43.06,42.88,547,498,573,697,575,557,564,570,481,669,612,689
1214846,43.06,42.88,548,497,572,696,574,558,563,568,479,669,608,689
1215848,43,42.81,551,501,576,696,576,559,564,570,480,664,609,687
1216847,43,42.81,548,500,574,696,575,557,567,573,484,670,612,690
1217848,43,42.81,549,500,575,696,577,560,565,569,484,665,610,686
1218849,43,42.81,551,502,578,696,579,560,564,567,485,669,612,689
1219850,43,42.75,552,503,575,695,579,558,565,567,488,668,612,689
1220850,43,42.75,552,503,577,696,580,559,566,571,484,670,611,688
1221850,42.94,42.75,553,503,579,696,578,559,565,570,484,670,612,689
1222852,42.94,42.75,552,504,577,696,579,559,565,567,486,668,612,689
1223851,42.94,42.75,552,505,577,696,578,560,566,571,485,670,614,689
1224851,42.94,42.75,552,505,577,696,578,560,567,571,487,669,614,689
1225852,42.88,42.69,552,502,575,696,578,559,567,570,487,672,614,688
1226852,42.88,42.69,540,490,567,695,569,548,555,558,471,665,602,689
1227853,42.88,42.69,541,491,565,695,570,550,554,560,468,666,600,689
1228854,42.88,42.69,537,484,561,694,566,545,556,561,471,666,606,689
1229854,42.88,42.69,537,488,563,694,566,547,556,557,471,665,605,689
1230855,42.81,42.63,555,506,581,695,578,561,555,558,467,663,603,687
1231856,42.81,42.63,537,482,560,693,563,546,554,555,462,663,600,687
1232857,42.81,42.63,538,484,561,693,562,550,553,555,465,663,600,688
1233858,42.81,42.63,539,483,561,693,563,550,554,556,465,664,602,688
1234858,42.81,42.56,540,489,563,694,565,551,570,573,491,672,616,688
1235859,42.75,42.56,542,491,568,694,569,550,558,561,476,665,606,688
1236861,42.75,42.56,541,494,568,694,570,551,556,560,472,666,603,687
1237861,42.75,42.56,547,499,574,694,574,554,556,559,471,665,603,686
1238862,42.75,42.56,539,489,566,693,567,547,558,560,471,665,604,688
1239862,42.75,42.56,540,488,565,693,567,550,558,560,468,664,603,687
1240862,42.75,42.5,536,486,563,693,565,547,555,558,470,665,602,688
1241862,42.69,42.5,537,486,561,693,564,546,555,560,469,665,602,686
1242862,42.69,42.5,538,486,563,692,566,548,557,559,473,666,605,687
1243863,42.69,42.5,544,494,572,693,572,553,558,561,474,666,603,686
1244864,42.69,42.5,540,491,568,693,569,549,559,562,475,667,606,687
1245865,42.69,42.5,542,493,570,694,571,551,561,565,480,666,608,687
1246867,42.63,42.44,542,494,571,693,572,552,558,564,473,667,606,687
1247868,42.63,42.44,542,494,567,693,570,551,561,567,479,668,609,685
1248869,42.63,42.44,542,494,569,692,571,552,562,565,480,666,608,685
1249870,42.63,42.44,547,500,573,693,575,555,561,565,479,667,609,686
1250871,42.56,42.38,544,494,570,693,572,552,561,566,479,668,607,686
1251871,42.56,42.38,542,494,571,693,572,552,561,565,478,667,606,686
1252871,42.56,42.38,544,496,570,692,572,554,561,567,480,668,607,685
1253871,42.56,42.38,549,502,576,693,577,559,566,570,486,668,610,684
1254871,42.56,42.38,547,501,573,692,575,559,562,569,481,669,607,684
1255871,42.5,42.31,545,499,572,693,574,557,564,571,476,668,608,685
1256871,42.5,42.31,536,486,564,691,566,546,551,554,462,662,596,685
1257873,42.5,42.31,530,478,555,691,559,542,551,554,462,661,594,685
1258874,42.5,42.31,531,479,554,690,557,545,550,553,459,661,598,683
1259875,42.5,42.25,530,481,554,690,558,543,550,553,461,661,598,685
1260877,42.5,42.25,528,480,555,690,559,540,550,552,456,661,597,684
1261930,42.44,42.25,527,479,554,690,559,541,549,553,460,661,595,685
1262931,42.44,42.25,530,483,558,690,560,542,549,552,461,661,597,684
1263932,42.44,42.25,530,481,556,690,561,543,550,558,459,662,598,684
1264933,42.44,42.25,530,481,556,690,561,543,552,556,462,661,597,684
1265933,42.44,42.19,534,484,557,690,562,546,554,557,465,662,598,685
1266932,42.44,42.19,532,485,559,690,562,545,554,557,466,664,599,684
1267932,42.44,42.19,537,487,561,691,563,550,550,554,463,661,597,684
1268933,42.38,42.19,530,480,557,690,560,543,551,554,464,661,596,684
1269933,42.38,42.19,530,483,559,689,560,542,552,554,462,661,597,683
1270934,42.38,42.19,530,480,556,689,559,542,551,556,460,659,597,684
1271934,42.31,42.13,530,481,555,688,561,543,552,556,465,661,597,683
1272934,42.31,42.13,530,482,556,688,559,544,552,554,463,661,597,684
1273935,42.31,42.13,529,482,556,688,560,541,551,555,464,661,596,683
1274936,42.31,42.13,530,483,555,689,560,544,552,559,459,661,599,684
1275938,42.31,42.13,529,482,558,689,561,543,552,558,460,661,596,682
1276939,42.31,42.13,537,491,565,689,567,550,558,565,475,666,606,683
1277940,42.25,42.06,539,491,565,689,567,551,558,560,475,664,601,682
1278941,42.25,42.06,529,481,556,688,558,542,551,556,457,660,597,683
1279941,42.25,42.06,536,491,564,689,566,549,557,560,470,664,602,683
1280942,42.25,42,538,492,564,689,567,550,557,560,472,664,601,683
1281942,42.25,42,539,491,563,689,566,550,558,562,474,664,602,681
1282943,42.25,42,540,494,564,689,568,550,558,560,472,663,603,681
1283943,42.19,42,538,491,563,688,568,550,558,560,475,663,602,682
1284944,42.19,42,540,494,563,688,568,551,560,565,477,666,607,682
1285944,42.19,42,540,492,565,688,568,551,560,563,473,665,602,682
1286946,42.19,42,543,497,567,688,570,557,560,562,475,665,604,683
1287948,42.13,41.94,536,491,563,688,567,547,555,561,472,664,601,681
1288949,42.13,41.94,540,498,568,688,570,553,561,566,478,664,605,681
1289950,42.13,41.94,540,497,568,688,570,552,560,564,479,667,606,683
1290952,42.13,41.94,543,501,570,688,572,554,560,567,481,668,609,682
1291952,42.13,41.94,540,496,568,688,572,551,561,566,476,666,605,683
1292954,42.06,41.88,540,496,566,687,569,551,559,562,476,664,603,683
1293954,42.06,41.88,538,496,566,687,570,548,559,564,479,665,605,682
1294956,42.06,41.88,538,494,567,688,570,549,560,565,477,666,605,681
1295956,42.06,41.88,536,493,566,688,569,549,557,559,478,664,603,681
1296956,42.06,41.81,534,489,564,686,566,547,558,560,475,663,602,681
1297957,42.06,41.81,536,493,565,687,569,547,559,561,477,664,604,681
1298957,42,41.81,536,494,564,687,567,551,559,561,474,664,602,680
1299958,42,41.81,536,493,565,687,567,549,558,563,476,666,602,681
1300959,42,41.81,536,495,564,686,567,551,558,565,477,665,604,680
1301959,42,41.81,535,493,566,687,566,549,558,562,474,665,602,681
1302960,41.94,41.75,533,493,566,686,567,548,557,563,474,665,601,682
1303973,41.94,41.75,534,493,564,686,566,550,558,558,473,661,602,681
1304973,41.94,41.75,534,491,564,686,565,548,558,561,474,661,602,679
1305974,41.94,41.75,532,490,564,686,566,548,557,559,472,660,603,679
1306975,41.94,41.75,531,489,561,685,564,546,555,559,469,660,601,680
1307984,41.94,41.75,534,492,561,686,564,549,556,557,471,660,600,680
1308978,41.88,41.75,531,489,560,685,563,547,556,556,469,659,601,680
1309979,41.88,41.75,529,488,559,685,563,547,555,556,470,659,599,679
1310984,41.88,41.69,530,489,559,685,564,547,554,558,464,658,599,678
1311987,41.88,41.69,530,488,558,684,561,544,554,554,470,658,596,680
1312987,41.88,41.69,528,487,557,685,561,544,554,555,466,658,598,678
1313988,41.88,41.69,533,489,557,684,561,548,555,556,469,659,600,679
1314988,41.81,41.63,532,487,559,685,562,546,553,555,468,657,598,679
1315988,41.81,41.63,529,486,557,684,560,547,555,555,468,657,598,678
1316989,41.81,41.63,529,486,557,684,561,546,553,556,466,657,598,679
1317990,41.81,41.63,529,485,555,684,560,543,552,554,469,657,596,678
1318991,41.81,41.56,531,486,555,684,560,545,554,556,466,657,597,678
1319992,41.81,41.56,529,489,557,684,559,547,554,555,467,655,598,679
1320992,41.75,41.56,527,484,556,684,559,543,553,553,467,655,598,679
1321992,41.75,41.56,528,485,556,683,557,543,552,556,465,653,597,676
1322993,41.75,41.56,529,486,556,683,558,543,552,554,465,654,596,677
1323994,41.75,41.56,530,486,556,683,558,546,553,553,465,653,598,677
1324994,41.69,41.5,529,487,557,683,559,548,554,554,464,652,596,678
1325994,41.69,41.5,529,483,554,684,558,544,550,555,462,652,597,678
1326994,41.69,41.5,526,484,557,683,559,542,551,552,464,651,595,676
1327995,41.69,41.5,527,483,554,683,558,543,553,554,462,650,595,677
1328996,41.69,41.5,530,488,554,683,558,545,555,555,464,651,595,677
1329997,41.69,41.5,527,487,553,682,557,548,559,556,463,650,598,677
1330997,41.63,41.44,523,481,552,683,557,538,548,548,462,649,595,676
1331997,41.63,41.44,523,480,550,682,555,539,548,549,460,648,595,676
1332997,41.63,41.44,523,482,554,682,556,539,549,551,462,647,595,676
1333998,41.63,41.44,522,479,550,681,553,537,547,548,461,647,595,676
1334999,41.63,41.44,522,477,551,682,554,538,547,549,459,647,594,676
1335999,41.56,41.38,521,478,550,682,554,537,546,548,459,647,593,677
1337015,41.56,41.38,521,479,550,681,555,536,545,550,459,646,595,677
1338007,41.56,41.38,524,479,551,681,555,539,548,551,457,647,595,677
1339007,41.56,41.38,523,479,551,682,555,536,548,550,459,645,594,675
1340007,41.56,41.38,523,481,549,681,555,537,546,548,461,647,593,676
1341007,41.56,41.38,524,479,550,681,554,537,546,548,461,646,594,676
1342008,41.5,41.31,523,480,551,681,555,538,547,553,458,647,593,676
1343008,41.5,41.31,522,480,550,682,556,536,546,548,461,646,594,674
1344009,41.5,41.31,523,479,551,681,555,539,548,554,458,646,593,674
1345010,41.5,41.25,523,479,550,681,555,537,548,550,458,645,592,675
1346010,41.44,41.25,522,480,550,681,555,537,547,550,461,647,592,674
1347011,41.44,41.25,523,480,550,681,555,538,547,549,460,647,592,675
1348012,41.44,41.25,522,477,550,680,554,538,547,550,457,646,594,675
1349013,41.44,41.25,524,479,552,680,555,536,549,551,463,647,596,676
1350014,41.44,41.25,526,484,554,681,558,539,550,552,464,645,594,676
1351014,41.44,41.19,526,483,554,680,558,539,549,551,464,647,596,675
1352014,41.44,41.19,527,483,554,681,557,539,546,547,460,645,593,674
1353015,41.44,41.19,522,480,551,680,555,537,546,547,461,645,593,674
1354015,41.38,41.19,524,481,551,679,555,537,548,552,457,645,593,675
1355015,41.38,41.19,525,481,552,679,555,537,545,552,456,645,593,675
1356016,41.38,41.19,522,476,549,678,554,536,546,550,460,644,591,673
1357016,41.38,41.13,521,478,547,678,554,535,548,550,462,647,594,673
1358016,41.31,41.13,526,480,552,678,555,539,547,550,462,646,593,675
1359017,41.31,41.13,522,479,549,677,554,538,547,552,460,646,593,675
1360018,41.31,41.13,525,481,553,678,555,539,548,551,462,645,593,675
1361019,41.31,41.13,523,481,549,678,556,539,547,550,461,645,594,673
1362048,41.31,41.13,525,480,553,678,556,540,548,551,462,643,593,674
1363023,41.31,41.13,526,482,553,677,557,541,549,550,465,645,593,674
1364023,41.25,41.06,524,481,551,677,556,540,548,554,460,644,594,672
1365024,41.25,41.06,524,483,551,677,556,538,548,553,462,643,592,674
1366025,41.25,41.06,526,485,553,678,557,541,558,556,467,644,594,673
1367036,41.25,41.06,537,497,549,677,558,565,559,558,465,643,594,673
1368025,41.19,41,535,495,553,678,557,563,560,559,462,645,594,672
1369026,41.19,41,532,492,550,678,555,557,558,555,465,644,595,673
1370026,41.19,41,528,489,550,677,555,552,559,555,466,643,594,673
1371026,41.19,41,529,492,553,676,557,555,559,555,466,643,594,672
1372026,41.19,41,529,492,552,677,555,554,557,555,465,643,596,671
1373026,41.19,41,529,492,552,677,557,554,557,556,466,641,594,671
1374027,41.13,40.94,531,490,552,677,557,555,561,559,467,640,595,673
1375028,41.13,40.94,529,489,551,677,555,555,559,555,466,641,592,672
1376029,41.13,40.94,526,487,545,676,552,554,556,552,458,639,589,671
1377030,41.13,40.94,526,484,545,676,551,556,552,553,454,637,587,671
1378031,41.13,40.94,524,482,544,676,550,548,551,549,457,638,590,671
1379032,41.13,40.88,522,482,547,676,551,549,551,548,454,637,589,671
1380033,41.06,40.88,524,483,544,676,549,551,552,549,456,637,589,671
1381033,41.06,40.88,525,486,546,676,550,556,556,551,459,638,590,670
1382033,41.06,40.88,523,485,546,676,550,553,553,550,460,638,590,670
1383034,41.06,40.88,524,486,544,675,550,554,552,550,460,637,589,670
1384034,41.06,40.88,521,482,544,675,551,549,552,551,458,637,589,672
1385035,41,40.88,524,485,548,676,551,550,553,548,459,637,589,671
1386035,41,40.81,526,486,544,675,550,557,554,550,458,637,587,670
1387035,41,40.81,522,483,543,674,550,548,552,549,458,637,589,671
1388036,41,40.81,522,483,544,676,549,550,552,548,459,637,590,670
1389036,41,40.81,528,487,548,676,552,555,554,551,463,637,592,670
1390036,41,40.81,526,486,546,676,552,557,551,550,457,635,591,670
1391037,41,40.75,524,484,544,676,549,554,553,552,455,636,587,669
1392039,40.94,40.75,521,480,543,675,549,551,553,552,455,635,589,669
1393086,40.94,40.75,523,484,544,675,552,551,551,548,459,635,589,669
1394078,40.94,40.75,521,483,547,674,550,548,549,549,452,635,587,669
1395079,40.94,40.75,522,483,546,674,550,548,550,549,458,633,588,671
1396079,40.94,40.75,520,481,544,674,549,546,551,549,459,635,591,671
1397079,40.94,40.75,521,484,545,674,551,548,552,550,461,635,591,669
1398080,40.88,40.69,524,485,545,675,552,548,550,550,462,635,590,669
1399079,40.88,40.69,523,486,547,674,553,549,551,550,463,635,592,669
1400084,40.88,40.69,524,484,547,674,551,550,552,553,458,635,589,669
1401085,40.88,40.63,525,487,549,674,553,554,553,552,461,634,590,673
1402085,40.81,40.63,525,485,549,675,552,553,554,551,461,635,590,668
1403085,40.81,40.63,528,490,549,674,554,555,559,556,467,636,594,669
1404086,40.81,40.63,528,490,553,674,555,554,554,551,464,637,592,669
1405087,40.81,40.63,527,490,551,674,556,553,556,555,468,637,593,668
1406087,40.81,40.63,533,496,555,674,559,559,557,554,469,636,593,668
1407087,40.81,40.63,530,493,553,674,555,562,557,554,465,634,594,667
1408088,40.81,40.56,522,487,548,673,552,551,551,549,461,633,588,668
1409089,40.81,40.56,521,484,545,673,551,548,550,547,459,632,589,667
1410090,40.75,40.56,522,485,546,673,550,550,551,552,456,632,588,667
1411089,40.75,40.56,522,488,547,673,551,552,554,548,459,633,588,667
1412089,40.75,40.56,518,480,542,673,548,547,542,543,452,631,586,671
1413090,40.75,40.5,516,473,544,672,550,536,541,541,454,632,588,669
1414090,40.69,40.5,513,472,543,672,548,535,542,541,453,630,587,667
1415090,40.69,40.5,518,477,545,672,549,544,548,545,455,631,588,668
1416090,40.69,40.5,519,481,544,672,549,546,548,546,459,632,589,668
1417090,40.69,40.5,519,484,547,672,552,546,547,544,455,631,589,667
1418090,40.69,40.5,517,482,546,672,549,545,549,549,458,630,588,667
1419091,40.69,40.44,517,481,545,672,550,545,547,548,452,631,587,667
1420095,40.69,40.44,519,483,548,672,553,547,548,549,453,630,590,666
1421092,40.69,40.44,515,480,545,672,549,545,546,543,455,629,586,667
1422093,40.63,40.44,519,481,541,672,547,552,545,546,448,627,583,667
1423094,40.63,40.44,513,475,539,672,543,545,544,541,447,624,585,667
1424095,40.63,40.44,514,476,536,671,543,550,546,545,448,627,583,666
1425096,40.63,40.38,511,466,539,672,542,532,536,534,446,624,583,665
1426098,40.56,40.38,507,466,536,671,541,532,536,535,443,625,583,666
1427099,40.56,40.38,508,466,535,671,541,534,538,537,445,625,582,666
1428098,40.56,40.38,509,467,535,670,542,534,538,536,448,624,584,665
1429099,40.56,40.38,510,468,537,670,542,535,537,538,444,624,583,666
1430099,40.56,40.38,509,467,537,670,542,534,535,538,440,623,581,665
1431098,40.56,40.31,502,461,533,668,540,528,532,536,438,623,580,665
1432099,40.5,40.31,502,462,532,669,539,528,534,532,442,622,582,664
1433100,40.5,40.31,506,464,533,670,540,531,534,536,440,623,581,665
1434101,40.5,40.31,505,464,534,670,540,530,533,535,440,622,581,664
1435102,40.5,40.25,505,465,534,670,541,529,533,535,441,621,582,665
1436103,40.5,40.25,505,464,534,670,541,529,534,534,443,621,583,666
1437104,40.44,40.25,504,464,533,670,541,530,536,534,444,622,582,665
1438105,40.44,40.25,507,469,533,670,541,533,537,536,446,622,582,665
1439106,40.44,40.25,507,468,535,669,540,533,536,535,445,621,583,664
1440107,40.44,40.25,506,464,534,670,540,533,535,534,441,619,582,666
1441107,40.44,40.25,506,463,533,669,539,532,535,533,444,621,582,664
1442108,40.44,40.25,506,463,532,669,539,532,535,533,445,620,582,664
1443108,40.38,40.19,506,466,534,669,539,532,536,536,441,620,583,664
1444108,40.38,40.19,508,463,533,668,539,536,535,533,441,620,581,664
1445108,40.38,40.19,506,463,533,669,540,532,535,532,443,619,580,664
1446109,40.38,40.19,510,469,535,668,540,540,540,538,440,618,580,663
1447109,40.38,40.19,508,467,533,668,540,538,539,535,441,618,580,665
1448110,40.31,40.13,507,468,532,667,540,536,540,540,441,619,581,663
1449111,40.31,40.13,507,470,532,667,541,536,540,537,443,620,581,663
1450112,40.31,40.13,506,470,530,667,539,535,540,538,437,619,582,662
1451113,40.31,40.13,507,468,532,666,540,537,540,541,440,619,581,663
1452114,40.31,40.13,507,466,533,665,540,534,539,539,441,621,583,662
1453115,40.31,40.13,509,469,532,666,539,542,539,536,444,616,580,663
1454115,40.25,40.06,507,465,531,665,538,535,538,536,443,616,582,663
1455115,40.25,40.06,504,466,531,665,539,534,538,537,440,619,580,663
1456115,40.25,40.06,504,466,530,665,537,536,538,535,443,618,581,662
1457116,40.25,40.06,507,469,532,666,539,537,540,537,441,613,580,665
1458117,40.25,40.06,508,467,529,665,539,536,538,535,442,616,581,662
1459117,40.25,40,505,464,530,665,540,529,538,534,441,618,583,662
1460117,40.19,40,509,470,533,664,540,541,539,540,438,617,581,662
1461117,40.19,40,507,463,534,665,539,528,531,532,443,618,581,662
1462118,40.19,40,504,460,532,664,539,524,530,530,441,617,583,662
1463119,40.19,40,503,461,530,664,539,525,529,529,441,618,583,661
1464120,40.19,40,502,462,533,664,540,523,529,533,439,615,582,662
1465121,40.19,40,502,463,532,663,540,523,530,533,442,616,581,661
1466122,40.13,39.94,499,458,531,663,537,521,528,529,440,612,581,662
1467123,40.13,39.94,498,459,528,662,537,521,528,531,434,615,584,661
1468123,40.13,39.94,498,455,528,662,537,521,528,529,437,617,585,662
1469123,40.13,39.94,496,455,528,662,536,519,528,529,439,613,580,662
1470123,40.13,39.94,498,458,530,662,537,522,529,532,436,616,585,662
1471125,40.06,39.94,498,459,531,662,538,520,528,532,434,614,585,661
1472127,40.06,39.88,498,458,527,662,536,520,527,527,436,612,586,661
1473127,40.06,39.88,498,458,530,663,537,520,530,529,439,613,586,661
1474127,40.06,39.88,498,456,530,662,535,520,527,528,434,612,586,661
1475128,40.06,39.88,501,459,531,662,538,520,527,530,436,614,588,660
1476129,40.06,39.88,497,456,531,662,537,520,525,527,435,612,587,661
1477129,40.06,39.81,497,456,530,662,535,520,527,530,436,611,585,661
1478129,40,39.81,498,457,529,658,535,520,527,527,437,613,589,660
1479131,40,39.81,496,455,527,657,535,520,526,525,435,613,585,661
1480130,40,39.81,495,454,527,657,534,519,528,528,435,612,587,660
1481130,40,39.81,498,458,528,658,533,519,527,526,438,609,588,660
1482131,40,39.81,498,454,526,658,534,521,527,530,433,612,589,660
1483132,40,39.75,497,456,527,657,536,520,527,529,438,610,588,660
1484132,39.94,39.75,495,454,529,657,535,521,527,527,438,615,589,660
1485133,39.94,39.75,498,457,528,657,534,521,528,527,439,606,587,661
1486134,39.94,39.75,500,459,529,658,536,522,528,531,436,608,590,660
1487135,39.94,39.75,498,456,529,658,536,522,527,529,435,609,588,659
1488136,39.94,39.75,498,457,527,658,536,521,527,530,433,611,590,660
1489137,39.94,39.75,501,460,528,658,536,523,528,528,437,609,593,660
1490137,39.94,39.69,498,459,530,657,535,522,527,529,435,611,594,660
1491137,39.88,39.69,498,458,530,658,536,521,529,530,438,613,595,659
1492137,39.88,39.69,498,457,530,658,536,523,529,531,437,612,596,659
1493138,39.88,39.69,501,459,531,658,536,523,530,530,439,611,596,658
1494138,39.81,39.69,502,461,531,658,538,527,532,535,437,614,600,659
1495138,39.81,39.69,501,461,531,658,538,526,531,528,440,612,596,659
1496138,39.81,39.63,500,458,528,657,535,527,530,533,438,613,597,658
1497138,39.81,39.63,500,459,529,657,538,526,532,531,439,610,600,658
1498138,39.81,39.63,501,460,531,658,538,525,532,530,443,606,601,659
1499139,39.81,39.63,504,466,531,658,539,530,534,531,444,611,598,658
1500140,39.75,39.63,502,463,531,658,537,528,533,533,440,611,599,659
1501140,39.75,39.63,504,465,530,658,539,529,534,532,444,612,599,659
1502141,39.75,39.63,504,467,532,658,538,534,535,534,443,608,602,658
1503142,39.75,39.56,504,466,534,658,538,533,534,533,441,609,599,658
1504143,39.75,39.56,504,462,531,658,539,531,535,531,446,610,600,658
1505144,39.75,39.56,507,465,534,659,539,535,534,531,442,619,597,657
1506145,39.75,39.56,500,460,531,658,537,526,533,533,438,607,594,657
1507146,39.75,39.56,497,459,527,657,533,526,531,529,438,607,594,657
1508146,39.69,39.56,500,459,524,658,533,530,536,529,438,606,593,658
1509146,39.69,39.5,501,461,525,657,531,536,534,532,432,604,593,657
1510149,39.69,39.5,498,461,524,657,532,534,536,533,432,605,595,657
1511150,39.69,39.5,502,464,527,658,533,539,537,533,434,606,595,657
1512149,39.69,39.5,497,459,524,656,532,529,529,527,434,604,594,657
1513150,39.69,39.5,497,459,525,657,534,525,531,529,435,603,596,658
1514150,39.63,39.5,498,459,525,658,534,526,531,529,435,606,598,657
1515150,39.63,39.44,502,462,527,657,535,533,534,529,438,605,604,657
1516150,39.63,39.44,496,456,522,657,531,525,529,526,430,599,601,657
1517150,39.63,39.44,493,456,524,658,530,526,532,526,431,600,601,657
1518150,39.63,39.44,499,462,525,658,531,536,535,528,430,603,600,657
1519151,39.63,39.44,499,461,527,658,533,535,534,532,430,608,600,656
1520152,39.63,39.44,497,461,526,657,531,534,534,531,432,603,600,656
1521152,39.56,39.38,495,459,527,658,531,530,533,527,434,599,601,657
1522153,39.56,39.38,495,459,524,658,530,529,531,526,433,595,599,656
1523154,39.56,39.38,493,458,523,657,530,528,532,527,436,601,600,656
1524155,39.56,39.38,497,459,525,658,532,530,533,528,430,601,600,656
1525156,39.56,39.38,496,458,521,657,530,532,531,526,431,600,600,656
1526157,39.5,39.31,493,459,523,657,530,529,531,528,432,609,601,655
1527158,39.5,39.31,494,460,521,658,528,527,530,526,433,600,601,655
1528159,39.5,39.31,493,458,524,657,528,528,529,526,431,597,597,655
1529160,39.5,39.31,492,457,521,658,528,527,531,526,431,598,597,655
1530159,39.5,39.31,496,456,518,657,527,530,530,525,429,597,598,655
1531160,39.5,39.31,490,454,517,657,526,526,528,523,426,602,594,655
1532160,39.44,39.31,491,457,517,656,525,526,528,527,422,601,596,655
1533160,39.44,39.25,489,452,517,657,525,526,527,522,422,593,594,656
1534160,39.44,39.25,488,452,517,657,525,524,525,518,422,597,593,655
1535161,39.44,39.25,486,450,514,656,523,521,525,522,422,606,593,654
1536161,39.44,39.25,486,450,514,656,523,521,525,520,422,593,592,655
1537161,39.38,39.25,483,449,514,655,521,518,524,520,420,588,589,655
1538162,39.38,39.25,485,448,514,656,522,519,522,517,419,593,590,655
1539163,39.38,39.19,482,447,512,656,522,519,521,516,418,591,589,654
1540163,39.38,39.19,483,447,515,656,522,520,523,520,417,592,591,654
1541164,39.38,39.19,483,445,514,656,522,519,523,518,418,593,589,654
1542165,39.38,39.19,482,448,513,655,522,518,522,520,420,588,590,655
1543166,39.31,39.19,481,447,512,656,521,516,522,519,418,591,591,655
1544167,39.31,39.19,479,443,511,656,519,515,522,518,415,587,591,655
1545168,39.31,39.13,480,444,511,656,519,515,522,516,415,590,587,654
1546169,39.31,39.13,478,438,511,655,522,507,515,514,412,597,586,653
1547169,39.31,39.13,478,436,511,655,521,504,512,510,415,590,587,653
1548169,39.31,39.13,477,433,508,654,519,503,512,510,415,589,586,655
1549170,39.25,39.13,478,442,509,655,519,515,520,514,413,587,585,654
1550170,39.25,39.13,479,444,511,655,517,515,519,515,413,590,593,654
1551170,39.25,39.06,479,442,510,655,519,516,520,514,414,588,592,653
1552170,39.25,39.06,480,445,510,655,518,517,520,518,416,588,595,656
1553170,39.25,39.06,479,444,509,655,519,514,520,515,413,596,593,657
1554170,39.25,39.06,477,442,508,655,518,513,520,515,413,589,591,653
1555170,39.19,39.06,477,441,509,654,518,513,520,515,415,585,589,654
1556170,39.19,39.06,478,441,507,654,517,514,520,513,413,585,591,651
1557171,39.19,39.06,476,441,506,654,516,513,520,517,413,589,590,653
1558171,39.19,39,476,438,505,654,516,513,518,512,412,600,590,652
1559172,39.19,39,474,438,507,653,514,513,518,513,410,587,589,654
1560173,39.19,39,477,440,507,653,515,512,520,516,411,590,589,653
1561174,39.19,39,477,435,505,653,515,510,513,511,411,587,590,653
1562175,39.19,39,474,435,506,653,514,506,518,512,410,591,588,651
1563176,39.13,38.94,473,437,507,653,515,510,518,515,405,583,588,652
1564177,39.13,38.94,476,441,506,653,514,514,519,513,410,585,588,651
1565177,39.13,38.94,474,434,507,653,514,505,513,511,407,590,591,652
1566178,39.13,38.94,470,433,506,653,514,503,511,510,406,585,590,652
1567178,39.13,38.94,470,434,506,653,515,504,515,510,411,589,590,651
1568178,39.13,38.94,473,440,504,652,515,511,516,510,409,585,589,651
1569178,39.06,38.94,474,434,505,652,513,509,518,511,410,585,588,651
1570178,39.06,38.88,473,438,502,652,513,512,519,511,410,592,589,651
1571178,39.06,38.88,474,440,502,652,514,516,519,513,411,586,591,653
1572178,39.06,38.88,476,441,507,652,516,516,520,513,409,587,593,652
1573179,39.06,38.88,477,441,506,652,515,518,521,513,410,585,592,652
1574180,39.06,38.88,475,440,506,653,515,512,517,510,409,585,596,650
1575181,39.06,38.88,473,438,506,652,516,511,517,513,407,583,597,650
1576181,39,38.81,473,439,504,652,515,512,517,514,410,586,598,652
1577182,39,38.81,476,441,508,652,517,513,518,513,412,588,598,650
1578183,39,38.81,478,442,508,652,517,515,521,514,415,591,599,652
1579184,39,38.81,476,440,507,652,517,514,517,512,414,586,598,650
1580185,38.94,38.81,474,437,508,652,517,510,517,512,412,588,600,649
1581185,38.94,38.81,472,436,509,652,517,508,515,510,413,588,601,650
1582185,38.94,38.75,473,437,509,652,518,507,516,513,414,585,600,652
1583185,38.94,38.75,476,439,513,651,520,510,517,515,412,593,602,652
1584186,38.94,38.75,475,438,512,651,519,509,516,515,412,583,601,650
1585186,38.94,38.75,475,439,511,651,519,507,516,510,413,583,601,650
1586187,38.94,38.75,474,438,509,651,518,510,517,514,410,585,602,649
1587187,38.94,38.75,477,439,509,651,517,512,517,513,412,586,598,650
1588187,38.88,38.75,475,439,507,651,517,511,516,512,409,580,598,651
1589188,38.88,38.69,474,436,505,651,516,510,517,512,414,586,599,651
1590187,38.88,38.69,475,438,504,650,515,509,515,510,414,587,598,650
1591188,38.88,38.69,475,439,508,650,517,512,518,511,416,590,601,648
1592188,38.88,38.69,474,438,506,650,516,510,517,516,411,586,603,648
1593191,38.88,38.69,475,441,510,650,516,511,517,513,409,585,600,650
1594190,38.81,38.69,474,436,507,649,516,510,515,513,410,587,599,649
1595190,38.81,38.63,474,437,505,649,515,512,516,508,406,583,599,650
1596191,38.81,38.63,473,435,502,649,514,512,516,511,410,589,596,648
1597191,38.81,38.63,477,438,503,649,515,517,519,511,411,587,599,648
1598192,38.81,38.63,473,436,504,649,514,511,517,509,406,582,600,648
1599193,38.81,38.63,473,438,503,649,514,513,516,509,410,590,607,650
1600194,38.81,38.63,472,435,505,648,516,509,512,507,408,582,605,649
1601194,38.81,38.63,468,431,504,649,512,505,510,508,408,587,604,648
1602194,38.81,38.63,466,429,504,648,513,503,509,507,404,582,602,647
1603194,38.75,38.56,466,430,503,648,514,501,506,501,405,580,602,648
1604195,38.75,38.56,465,427,503,648,512,498,506,502,407,578,602,649
1605195,38.75,38.56,464,426,501,648,512,496,507,504,406,582,602,647
1606195,38.75,38.56,468,432,503,648,511,505,514,506,408,583,601,649
1607195,38.69,38.56,471,436,503,648,513,513,514,507,410,592,601,648
1608195,38.69,38.56,466,427,503,648,512,499,514,505,406,580,601,647
1609195,38.69,38.5,470,433,502,647,512,509,515,511,406,580,601,647
1610195,38.69,38.5,470,435,501,648,514,509,512,505,406,581,599,649
1611195,38.69,38.5,466,435,500,648,513,507,513,508,405,580,602,647
1612195,38.69,38.5,467,433,502,647,512,506,513,506,406,580,598,649
1613196,38.63,38.5,469,431,501,648,511,506,511,506,403,578,597,647
1614197,38.63,38.5,466,430,502,647,510,505,511,508,403,584,600,646
1615198,38.63,38.44,468,432,500,648,511,504,513,505,407,580,598,646
1616199,38.63,38.44,466,428,499,647,511,505,511,506,399,581,599,648
1617200,38.63,38.44,467,429,498,646,509,504,510,507,401,583,600,648
1618200,38.63,38.44,466,430,498,647,510,502,510,508,402,576,601,648
1619200,38.63,38.44,464,428,500,646,510,500,511,503,405,588,602,646
1620201,38.63,38.44,466,429,500,646,509,503,511,503,403,575,606,648
1621202,38.63,38.44,465,431,500,646,510,504,511,504,405,575,607,647
1622202,38.56,38.38,463,431,498,646,509,504,510,506,405,581,608,647
1623202,38.56,38.38,466,430,500,647,508,503,512,506,404,576,607,646
1624202,38.56,38.38,466,432,501,646,509,505,512,505,405,588,608,645
1625202,38.56,38.38,465,430,498,646,510,504,511,502,403,576,606,648
1626202,38.56,38.31,464,430,498,646,509,502,510,504,403,575,607,647
1627202,38.56,38.31,461,423,497,646,509,493,509,505,400,575,602,647
1628202,38.5,38.31,462,428,497,646,508,503,510,505,404,576,600,647
1629202,38.5,38.31,463,429,496,646,508,503,509,502,402,576,603,645
1630203,38.5,38.31,463,423,494,646,508,497,509,503,403,576,599,647
1631204,38.5,38.31,464,429,499,646,509,504,510,504,405,586,599,645
1632205,38.5,38.25,463,427,498,645,507,503,509,503,401,570,595,645
1633206,38.5,38.25,464,429,495,645,509,502,508,505,398,573,598,645
1634207,38.44,38.25,463,428,497,641,508,504,510,502,402,576,598,646
1635208,38.44,38.25,462,426,498,643,508,499,509,501,403,577,600,644
1636209,38.44,38.25,464,428,498,643,508,502,510,502,399,580,603,644
1637210,38.44,38.25,465,431,499,642,508,500,511,505,405,584,606,644
1638211,38.44,38.19,465,429,498,643,509,505,509,502,402,577,600,646
1639211,38.44,38.19,464,428,497,643,508,504,509,504,398,570,597,646
1640213,38.38,38.25,463,426,496,643,507,503,509,505,397,571,611,645
1641213,38.38,38.19,463,428,496,642,507,502,508,502,404,572,610,645
1642213,38.38,38.19,464,428,499,642,506,502,509,502,401,573,614,645
1643214,38.38,38.19,467,428,499,642,508,503,509,505,401,577,611,644
1644214,38.38,38.19,464,426,497,642,506,502,508,501,404,572,608,645
1645214,38.38,38.19,463,426,496,643,507,503,508,504,402,574,610,643
1646215,38.31,38.19,465,430,496,642,508,502,509,505,403,582,607,645
1647216,38.31,38.19,464,428,494,642,506,501,509,502,403,574,606,645
1648217,38.31,38.19,463,429,496,643,508,503,509,503,402,580,606,643
1649218,38.31,38.13,462,429,496,643,507,502,506,503,401,577,605,645
1650219,38.31,38.13,461,420,495,643,507,496,503,500,401,573,606,643
1651220,38.31,38.13,460,422,496,642,508,495,503,499,400,573,605,645
1652221,38.31,38.13,459,423,495,643,506,495,503,501,399,577,602,643
1653222,38.25,38.13,461,423,495,642,507,496,508,505,395,573,601,645
1654222,38.25,38.13,461,427,494,642,505,500,507,500,400,572,600,644
1655222,38.25,38.06,461,427,495,642,506,501,507,499,400,572,599,644
1656222,38.25,38.06,460,426,493,642,505,501,508,501,402,575,599,643
1657223,38.25,38.06,460,426,493,643,506,503,507,498,398,572,599,644
1658223,38.25,38.06,463,426,494,642,507,502,508,502,404,579,602,642
1659223,38.19,38,464,428,495,642,507,502,508,500,399,573,600,643
1660223,38.19,38,462,427,495,642,507,502,507,500,401,572,606,643
1661223,38.19,38,462,426,495,642,505,502,505,500,399,573,603,644
1662223,38.19,38,465,427,495,641,507,501,506,500,399,572,602,642
1663223,38.19,38,462,428,499,642,506,502,507,500,400,571,600,642
1664224,38.19,38,461,426,496,642,505,501,506,498,401,567,601,643
1665225,38.19,38,461,427,496,642,505,501,505,499,402,568,603,642
1666226,38.13,38,460,423,493,642,505,500,507,501,401,581,610,642
1667227,38.13,38,463,427,497,642,506,502,508,503,397,572,617,643
1668228,38.13,37.94,460,424,494,642,505,500,507,500,399,571,619,642
1669229,38.13,37.94,463,427,494,640,504,502,507,504,397,578,623,641
1670230,38.13,37.94,460,421,495,642,507,495,507,503,402,572,624,642
1671230,38.13,37.94,462,430,496,641,506,501,506,503,400,575,626,642
1672230,38.13,37.94,464,428,501,642,509,493,504,502,398,573,669,643
1673231,38.13,37.94,311,427,498,641,507,499,501,499,402,578,663,643
1674232,38.06,37.88,307,421,497,641,507,492,500,496,399,574,651,642
1675232,38.06,37.88,312,419,497,641,507,492,499,496,400,577,651,640
1676232,38.06,37.88,313,421,497,641,507,491,501,497,403,584,650,641
1677232,38.06,37.88,314,419,497,640,507,493,501,497,400,570,647,642
1678232,38.06,37.88,330,421,497,640,507,496,504,497,397,574,647,642
1679232,38.06,37.88,319,421,496,640,507,494,504,498,401,573,648,642
1680232,38,37.88,393,427,496,640,507,501,510,502,405,568,641,641
1681232,38,37.81,409,428,496,640,508,502,508,500,403,569,642,640
1682233,38,37.81,355,430,496,640,505,500,508,505,402,574,639,642
1683234,38,37.81,338,427,496,640,506,497,506,500,403,576,635,640
1684234,38,37.81,298,423,494,639,505,499,505,501,396,575,630,640
1685235,38,37.81,303,425,497,640,505,500,505,498,398,572,628,640
1686236,37.94,37.75,394,429,495,640,506,500,502,498,396,569,624,640
1687237,37.94,37.75,358,429,495,638,506,502,506,499,399,575,628,641
1688238,37.94,37.75,301,422,492,636,503,498,504,496,398,569,623,640
1689238,37.94,37.75,301,426,493,636,504,499,503,497,397,570,624,641
1690238,37.94,37.75,308,419,493,636,504,495,505,499,402,572,624,640
1691238,37.94,37.75,409,425,496,637,506,500,504,497,398,570,622,638
1692239,37.88,37.75,303,422,492,636,503,498,504,496,399,576,615,639
1693239,37.88,37.69,405,425,496,636,506,504,508,499,400,578,620,640
1694239,37.88,37.69,352,424,494,637,504,500,506,499,400,570,619,640
1695239,37.88,37.69,310,424,492,637,503,503,506,497,401,574,623,641
1696239,37.88,37.69,290,423,497,637,504,501,505,494,400,569,618,640
1697239,37.88,37.69,283,422,493,637,504,501,505,497,398,572,614,640
1698239,37.88,37.69,289,428,493,637,504,504,508,498,400,570,612,639
1699240,37.88,37.69,287,423,492,637,502,501,505,495,400,566,621,640
1700241,37.88,37.69,297,428,491,636,502,507,506,499,398,567,613,640
1701242,37.81,37.69,301,425,490,637,504,500,506,499,394,578,613,640
1702243,37.81,37.63,313,424,494,637,503,502,504,498,395,568,615,638
1703244,37.81,37.63,379,429,492,636,503,508,509,499,400,578,616,639
1704245,37.81,37.63,323,424,492,637,503,500,504,497,395,572,610,639
1705246,37.81,37.63,299,422,493,636,502,498,503,494,397,566,612,639
1706247,37.81,37.63,332,424,493,637,502,499,502,494,396,562,615,639
1707248,37.75,37.56,289,424,491,637,503,503,506,497,401,575,636,639
1708248,37.75,37.56,296,428,495,637,505,505,499,495,398,571,642,638
1709248,37.75,37.56,366,419,494,637,506,490,497,494,402,573,634,634
1710249,37.75,37.56,355,421,496,638,507,491,499,498,403,575,632,637
1711249,37.75,37.56,326,417,492,637,505,490,498,495,397,568,631,638
1712249,37.75,37.5,324,417,493,637,504,489,496,494,398,567,626,639
1713249,37.75,37.5,313,415,497,637,506,489,498,492,396,568,630,637
1714249,37.69,37.5,315,416,498,638,505,491,496,491,400,568,624,637
1715249,37.69,37.5,312,415,494,637,502,491,496,488,398,560,622,637
1716250,37.69,37.5,319,416,491,636,503,490,495,489,398,563,622,638
1717251,37.69,37.5,313,414,491,636,502,488,497,491,398,564,620,638
1718252,37.69,37.44,303,415,490,635,502,489,495,488,398,564,621,638
1719253,37.69,37.44,306,416,492,637,502,490,497,492,398,573,624,638
1720254,37.63,37.44,291,415,495,636,503,489,497,493,398,576,626,637
1721255,37.63,37.44,307,419,495,636,505,490,496,494,395,571,620,636
1722255,37.63,37.44,297,414,490,636,501,487,494,490,394,567,621,634
1723255,37.63,37.44,279,412,493,635,502,486,494,492,397,569,625,638
1724256,37.63,37.44,278,413,493,636,502,487,495,493,394,570,623,636
1725257,37.63,37.44,278,416,492,636,502,488,495,491,399,562,622,633
1726257,37.63,37.44,283,413,491,636,502,490,495,490,396,563,623,638
1727257,37.56,37.44,283,413,492,636,502,490,497,490,400,565,623,636
1728258,37.56,37.44,292,416,492,636,502,490,496,492,396,564,621,637
1729258,37.56,37.38,292,416,494,636,502,494,496,493,398,576,618,637
1730258,37.56,37.38,287,415,496,636,502,489,496,491,396,566,619,637
1731258,37.56,37.38,281,410,488,636,499,490,492,487,393,564,616,635
1732258,37.56,37.38,274,410,487,636,500,487,492,486,391,568,617,637
1733259,37.56,37.38,274,410,489,636,500,487,493,489,394,587,616,636
1734260,37.56,37.38,274,412,488,636,499,487,493,490,395,578,621,635
1735261,37.5,37.31,278,409,487,635,500,487,493,488,394,575,617,636
1736263,37.5,37.31,287,415,488,636,499,493,494,489,396,574,621,636
1737264,37.5,37.31,288,424,488,635,500,511,505,496,397,576,618,635
1738265,37.5,37.31,281,420,488,635,500,499,499,494,399,584,620,636
1739266,37.5,37.31,277,411,490,635,500,489,494,491,394,583,619,635
1740267,37.5,37.31,278,416,490,635,502,487,495,492,395,586,628,635
1741268,37.44,37.25,277,411,492,635,501,487,493,491,398,588,625,634
1742269,37.44,37.25,279,412,493,636,502,487,493,489,395,579,630,632
1743269,37.44,37.25,282,410,490,635,500,487,494,490,398,583,626,636
1744270,37.44,37.25,286,413,490,636,501,490,494,490,394,586,625,636
1745270,37.44,37.25,283,412,488,634,500,491,492,488,393,577,625,636
1746270,37.44,37.25,284,413,486,634,500,490,491,486,393,574,622,636
1747270,37.44,37.25,284,411,487,634,499,488,491,486,394,578,622,635
1748270,37.38,37.25,288,408,488,634,498,486,491,487,394,577,622,636
1749270,37.38,37.25,285,411,489,633,499,486,492,487,395,579,617,635
1750271,37.38,37.19,291,413,489,634,500,490,493,490,396,576,625,634
1751271,37.38,37.19,294,417,487,633,500,493,491,492,393,583,625,633
1752272,37.31,37.19,291,410,489,634,500,489,493,491,391,585,635,634
1753273,37.31,37.19,299,411,491,634,501,491,492,490,392,581,623,634
1754274,37.31,37.19,299,411,488,633,499,487,492,491,394,591,631,633
1755275,37.31,37.13,302,411,489,634,500,489,494,488,398,585,624,633
1756276,37.31,37.13,306,421,490,633,501,503,503,494,402,587,624,634
1757277,37.31,37.13,320,425,491,634,499,506,503,495,398,583,624,633
1758277,37.31,37.13,344,425,488,634,500,505,505,492,398,583,627,633
1759278,37.31,37.13,312,421,489,630,500,502,504,492,397,585,638,635
1760279,37.31,37.13,308,422,487,629,500,504,503,492,394,576,619,633
1761280,37.25,37.13,292,417,489,631,499,494,495,484,393,579,616,634
1762281,37.25,37.13,287,410,487,630,500,487,492,483,395,578,616,633
1763281,37.25,37.13,288,410,489,630,499,490,494,484,396,576,617,635
1764281,37.25,37.06,297,409,488,629,499,489,491,484,392,582,614,632
1765281,37.25,37.06,288,413,489,630,500,486,492,483,396,576,614,634
1766281,37.25,37.06,287,412,491,631,501,487,492,485,396,578,614,632
1767281,37.25,37.06,286,411,489,631,500,487,489,483,394,573,615,632
1768281,37.25,37.06,290,410,490,631,499,488,491,483,395,576,614,633
1769282,37.25,37.06,327,412,486,631,500,487,490,484,392,572,613,634
1770283,37.19,37,292,419,491,631,502,491,495,489,396,578,614,633
1771284,37.19,37,288,413,491,631,499,487,492,490,396,585,613,632
1772286,37.19,37,290,412,486,631,498,489,489,485,395,574,616,632
1773287,37.19,37,362,414,491,631,502,491,494,487,396,579,614,632
1774288,37.19,37,294,413,487,631,500,490,495,490,397,580,614,632
1775289,37.13,37,283,412,486,631,499,486,493,486,394,575,611,634
1776290,37.13,37,280,410,486,631,497,486,492,485,391,576,612,632
1777290,37.13,37,282,410,486,631,497,486,492,484,395,572,614,633
1778290,37.13,36.94,293,416,496,631,502,493,493,486,394,576,613,632
1779290,37.13,36.94,285,410,490,631,498,489,492,484,394,572,616,631
1780291,37.13,36.94,289,412,489,632,500,487,493,486,397,578,614,633
1781291,37.13,36.94,281,412,489,632,499,483,490,483,393,572,614,632
1782291,37.06,36.94,285,415,490,632,499,488,493,487,394,576,614,632
1783291,37.06,36.94,287,415,491,632,501,488,493,487,392,576,615,628
1784291,37.06,36.88,290,413,489,631,499,488,493,488,395,573,625,632
1785291,37.06,36.88,288,411,490,631,499,488,493,489,395,575,619,630
1786292,37.06,36.88,290,412,489,630,499,488,492,487,396,574,615,631
