2349912,-1.0,-1.0,-1.0,-1.0,-1.0,-1.0,-1.0,-1.0,-1.0,-1.0,-1.0,-1.0,-1.0,-1.0
2350911,-1.0,-1.0,511.0,501.0,509.0,506.0,503.0,505.0,503.0,503.0,499.0,505.0,526.0,494.0
2351911,25.25,25.06,511.0,500.0,508.0,506.0,503.0,504.0,502.0,503.0,497.0,503.0,524.0,493.0
2352912,25.25,25.06,511.0,502.0,508.0,506.0,503.0,505.0,502.0,504.0,501.0,504.0,526.0,494.0
2353913,25.25,25.06,511.0,502.0,508.0,506.0,503.0,505.0,500.0,506.0,495.0,505.0,525.0,493.0
2354913,25.25,25.06,511.0,507.0,509.0,507.0,503.0,506.0,500.0,503.0,492.0,504.0,526.0,493.0
2355914,25.25,25.06,512.0,508.0,511.0,507.0,503.0,506.0,502.0,504.0,508.0,505.0,533.0,494.0
2356915,25.25,25.06,512.0,501.0,509.0,507.0,504.0,505.0,501.0,505.0,498.0,505.0,527.0,493.0
2357914,25.25,25.06,511.0,500.0,509.0,507.0,503.0,505.0,501.0,504.0,490.0,503.0,522.0,493.0
2358915,25.25,25.06,511.0,496.0,508.0,507.0,503.0,505.0,501.0,505.0,493.0,503.0,522.0,493.0
2359915,25.25,25.06,511.0,494.0,508.0,507.0,503.0,504.0,502.0,501.0,494.0,502.0,517.0,493.0
2360915,25.25,25.06,510.0,496.0,508.0,506.0,503.0,503.0,502.0,500.0,488.0,502.0,513.0,493.0
2361915,25.25,25.06,510.0,495.0,508.0,505.0,502.0,503.0,502.0,502.0,490.0,502.0,514.0,494.0
2362915,25.19,25.06,510.0,498.0,508.0,506.0,502.0,504.0,501.0,502.0,492.0,504.0,513.0,493.0
2363916,25.19,25.06,510.0,497.0,507.0,506.0,502.0,504.0,502.0,502.0,489.0,502.0,511.0,495.0
2364917,25.19,25.06,511.0,496.0,507.0,506.0,502.0,505.0,501.0,501.0,490.0,503.0,512.0,492.0
2365919,25.19,25.06,511.0,496.0,509.0,506.0,503.0,504.0,502.0,503.0,493.0,504.0,516.0,493.0
2366919,25.25,25.06,511.0,496.0,508.0,506.0,503.0,505.0,502.0,502.0,490.0,500.0,511.0,492.0
2367920,25.25,25.06,456.0,342.0,464.0,471.0,470.0,396.0,418.0,411.0,342.0,416.0,468.0,490.0
2368921,25.19,25.06,451.0,346.0,466.0,469.0,466.0,392.0,418.0,408.0,345.0,412.0,479.0,492.0
2369921,25.19,25.06,446.0,341.0,463.0,467.0,463.0,388.0,405.0,392.0,323.0,396.0,476.0,493.0
2370922,25.19,25.06,441.0,335.0,461.0,464.0,459.0,382.0,409.0,397.0,332.0,403.0,478.0,492.0
2371922,25.19,25.06,449.0,358.0,471.0,476.0,469.0,400.0,444.0,441.0,410.0,452.0,502.0,497.0
2372922,25.19,25.06,440.0,337.0,464.0,467.0,460.0,384.0,425.0,416.0,368.0,425.0,491.0,490.0
2373923,25.19,25.06,449.0,360.0,475.0,481.0,469.0,403.0,423.0,413.0,363.0,422.0,491.0,492.0
2374924,25.25,25.12,443.0,346.0,470.0,474.0,463.0,391.0,423.0,411.0,367.0,424.0,492.0,491.0
2375925,25.25,25.12,446.0,351.0,472.0,477.0,465.0,396.0,411.0,397.0,343.0,407.0,484.0,492.0
2376925,25.25,25.12,439.0,338.0,467.0,471.0,460.0,386.0,415.0,400.0,350.0,414.0,485.0,492.0
2377927,25.25,25.19,434.0,317.0,457.0,462.0,451.0,371.0,401.0,382.0,320.0,394.0,474.0,493.0
2378930,25.25,25.19,436.0,318.0,457.0,464.0,453.0,371.0,405.0,386.0,329.0,399.0,476.0,495.0
2379931,25.25,25.19,447.0,337.0,463.0,473.0,459.0,388.0,408.0,388.0,335.0,400.0,477.0,494.0
2380932,25.25,25.19,453.0,349.0,471.0,480.0,464.0,397.0,420.0,403.0,359.0,418.0,489.0,494.0
2381933,25.31,25.25,447.0,339.0,466.0,475.0,460.0,388.0,415.0,395.0,346.0,410.0,484.0,495.0
2382934,25.31,25.25,452.0,341.0,468.0,475.0,459.0,391.0,417.0,397.0,349.0,409.0,484.0,496.0
2383934,25.31,25.31,455.0,339.0,468.0,475.0,459.0,391.0,423.0,402.0,361.0,419.0,489.0,496.0
2384935,25.37,25.37,459.0,343.0,472.0,478.0,461.0,395.0,420.0,395.0,351.0,413.0,487.0,495.0
2385935,25.37,25.37,466.0,359.0,479.0,486.0,468.0,404.0,423.0,399.0,350.0,418.0,486.0,496.0
2386936,25.37,25.37,471.0,363.0,481.0,487.0,471.0,411.0,438.0,417.0,383.0,436.0,498.0,496.0
2387936,25.44,25.5,465.0,343.0,476.0,480.0,463.0,391.0,423.0,394.0,348.0,412.0,486.0,496.0
2388936,25.5,25.56,469.0,350.0,479.0,483.0,466.0,403.0,427.0,400.0,358.0,420.0,489.0,497.0
2389936,25.5,25.56,470.0,351.0,481.0,485.0,468.0,400.0,427.0,401.0,359.0,422.0,492.0,496.0
2390937,25.5,25.62,483.0,388.0,494.0,498.0,484.0,431.0,443.0,422.0,390.0,446.0,503.0,501.0
2391937,25.62,25.75,484.0,384.0,493.0,497.0,484.0,428.0,447.0,425.0,396.0,449.0,509.0,502.0
2392939,25.62,25.75,490.0,395.0,498.0,502.0,489.0,440.0,456.0,436.0,410.0,457.0,513.0,500.0
2393939,25.69,25.87,490.0,395.0,498.0,502.0,489.0,440.0,447.0,424.0,394.0,448.0,508.0,502.0
2394940,25.75,26.0,483.0,368.0,490.0,494.0,479.0,418.0,449.0,426.0,393.0,447.0,510.0,504.0
2395941,25.75,26.0,487.0,379.0,493.0,498.0,484.0,427.0,446.0,422.0,387.0,444.0,509.0,505.0
2396942,25.81,26.12,490.0,376.0,493.0,497.0,483.0,425.0,464.0,444.0,419.0,468.0,522.0,505.0
2397943,25.94,26.25,504.0,414.0,507.0,506.0,498.0,457.0,463.0,445.0,417.0,469.0,523.0,506.0
2398943,25.94,26.25,506.0,410.0,508.0,506.0,497.0,453.0,473.0,455.0,436.0,480.0,525.0,506.0
2399943,26.0,26.37,511.0,423.0,512.0,507.0,501.0,464.0,477.0,460.0,437.0,487.0,527.0,507.0
2400943,26.06,26.5,513.0,425.0,514.0,508.0,502.0,467.0,478.0,461.0,438.0,487.0,526.0,507.0
2401943,26.06,26.5,515.0,425.0,514.0,508.0,504.0,469.0,477.0,456.0,436.0,484.0,527.0,508.0
2402947,26.12,26.56,517.0,423.0,514.0,507.0,503.0,468.0,476.0,453.0,431.0,483.0,528.0,509.0
2403947,26.19,26.62,518.0,416.0,514.0,506.0,502.0,465.0,476.0,453.0,431.0,480.0,528.0,510.0
2404947,26.19,26.62,520.0,416.0,513.0,506.0,500.0,464.0,476.0,454.0,428.0,483.0,527.0,511.0
2405947,26.25,26.69,522.0,412.0,514.0,506.0,500.0,464.0,475.0,452.0,424.0,480.0,528.0,514.0
2406949,26.31,26.75,519.0,381.0,499.0,501.0,490.0,439.0,463.0,435.0,394.0,466.0,519.0,514.0
2407949,26.31,26.75,524.0,386.0,505.0,504.0,491.0,446.0,454.0,424.0,374.0,453.0,512.0,516.0
2408950,26.37,26.87,518.0,353.0,491.0,495.0,480.0,419.0,437.0,406.0,336.0,432.0,495.0,513.0
2409951,26.5,27.0,511.0,331.0,480.0,487.0,473.0,401.0,434.0,403.0,329.0,429.0,490.0,514.0
2410951,26.5,27.0,512.0,335.0,482.0,491.0,473.0,404.0,434.0,409.0,336.0,433.0,490.0,512.0
2411952,26.62,27.12,511.0,331.0,480.0,490.0,468.0,403.0,441.0,418.0,350.0,444.0,499.0,515.0
2412953,26.75,27.25,512.0,336.0,480.0,495.0,468.0,407.0,437.0,417.0,347.0,445.0,500.0,521.0
2413953,26.75,27.25,514.0,345.0,485.0,500.0,469.0,411.0,435.0,416.0,338.0,443.0,492.0,522.0
2414953,26.81,27.37,515.0,355.0,490.0,507.0,473.0,417.0,449.0,433.0,368.0,461.0,512.0,521.0
2415953,26.87,27.44,516.0,359.0,493.0,511.0,474.0,421.0,451.0,435.0,373.0,465.0,517.0,520.0
2416954,26.87,27.44,517.0,366.0,495.0,516.0,477.0,427.0,446.0,430.0,362.0,459.0,510.0,523.0
2417954,26.87,27.56,515.0,355.0,491.0,515.0,473.0,418.0,443.0,426.0,360.0,458.0,505.0,522.0
2418955,26.94,27.75,514.0,349.0,490.0,516.0,473.0,417.0,471.0,457.0,414.0,491.0,540.0,524.0
2419957,26.94,27.75,522.0,379.0,501.0,526.0,485.0,440.0,479.0,464.0,426.0,499.0,548.0,525.0
2420958,27.0,27.87,529.0,409.0,514.0,535.0,498.0,464.0,479.0,461.0,417.0,498.0,545.0,527.0
2421959,27.06,27.94,520.0,375.0,504.0,527.0,488.0,435.0,463.0,443.0,384.0,480.0,524.0,530.0
2422959,27.06,27.94,530.0,414.0,519.0,536.0,502.0,462.0,468.0,447.0,395.0,483.0,529.0,531.0
2423960,27.19,28.0,522.0,383.0,509.0,527.0,492.0,436.0,457.0,430.0,364.0,467.0,509.0,533.0
2424961,27.31,28.12,513.0,348.0,494.0,516.0,482.0,411.0,461.0,432.0,366.0,468.0,510.0,535.0
2425962,27.31,28.12,521.0,354.0,497.0,517.0,485.0,418.0,462.0,431.0,365.0,468.0,508.0,536.0
2426962,27.44,28.31,524.0,362.0,502.0,520.0,489.0,427.0,468.0,435.0,366.0,470.0,508.0,538.0
2427963,27.5,28.5,525.0,360.0,500.0,521.0,488.0,429.0,477.0,441.0,379.0,475.0,519.0,538.0
2428964,27.62,28.62,529.0,375.0,509.0,525.0,492.0,443.0,487.0,453.0,393.0,485.0,529.0,541.0
2429964,27.62,28.62,527.0,364.0,504.0,520.0,485.0,437.0,475.0,432.0,360.0,468.0,506.0,542.0
2430965,27.69,28.69,527.0,352.0,499.0,518.0,481.0,431.0,474.0,432.0,352.0,464.0,499.0,542.0
2431966,27.81,28.81,524.0,343.0,496.0,514.0,473.0,422.0,475.0,425.0,337.0,456.0,493.0,543.0
2432966,27.81,28.81,526.0,339.0,497.0,513.0,471.0,419.0,477.0,427.0,340.0,458.0,492.0,543.0
2433967,27.94,28.87,530.0,338.0,497.0,513.0,471.0,419.0,481.0,431.0,347.0,460.0,496.0,545.0
2434967,28.12,28.94,533.0,336.0,497.0,513.0,470.0,416.0,481.0,428.0,342.0,463.0,494.0,545.0
2435968,28.12,28.94,534.0,338.0,499.0,514.0,474.0,417.0,486.0,431.0,346.0,469.0,495.0,551.0
2436969,28.25,29.0,534.0,342.0,501.0,517.0,478.0,420.0,490.0,435.0,350.0,472.0,495.0,553.0
2437970,28.31,29.19,536.0,351.0,505.0,522.0,483.0,426.0,498.0,442.0,371.0,483.0,509.0,553.0
2438971,28.31,29.19,540.0,365.0,511.0,526.0,491.0,439.0,514.0,463.0,406.0,499.0,530.0,555.0
2439971,28.44,29.37,545.0,393.0,524.0,534.0,505.0,464.0,498.0,430.0,348.0,473.0,493.0,558.0
2440971,28.56,29.5,537.0,345.0,503.0,516.0,492.0,430.0,500.0,431.0,348.0,473.0,493.0,557.0
2441971,28.56,29.5,539.0,341.0,503.0,512.0,489.0,432.0,501.0,434.0,352.0,471.0,493.0,560.0
2442971,28.62,29.62,542.0,342.0,504.0,512.0,488.0,436.0,502.0,434.0,350.0,472.0,495.0,562.0
2443972,28.75,29.75,544.0,350.0,508.0,514.0,489.0,440.0,506.0,439.0,360.0,476.0,501.0,562.0
2444972,28.75,29.75,548.0,352.0,510.0,518.0,491.0,443.0,511.0,440.0,362.0,477.0,502.0,562.0
2445973,28.87,29.87,552.0,355.0,513.0,522.0,491.0,445.0,519.0,446.0,365.0,483.0,504.0,565.0
2446973,29.12,30.0,552.0,355.0,515.0,528.0,492.0,446.0,522.0,447.0,365.0,483.0,507.0,564.0
2447973,29.12,30.0,555.0,359.0,518.0,533.0,494.0,453.0,525.0,450.0,367.0,483.0,512.0,564.0
2448973,29.37,30.19,556.0,364.0,520.0,533.0,496.0,458.0,532.0,455.0,381.0,486.0,517.0,564.0
2449973,29.62,30.37,557.0,379.0,525.0,536.0,499.0,468.0,537.0,467.0,399.0,496.0,534.0,563.0
2450973,29.62,30.37,556.0,397.0,532.0,539.0,505.0,480.0,533.0,463.0,390.0,494.0,528.0,565.0
2451974,29.87,30.56,555.0,387.0,528.0,533.0,508.0,476.0,534.0,467.0,396.0,500.0,535.0,563.0
2452975,30.06,30.81,560.0,396.0,535.0,535.0,515.0,481.0,537.0,471.0,406.0,507.0,538.0,563.0
2453976,30.06,30.81,563.0,396.0,536.0,534.0,519.0,478.0,535.0,471.0,404.0,510.0,533.0,564.0
2454977,30.12,31.06,561.0,384.0,537.0,529.0,521.0,475.0,536.0,475.0,402.0,513.0,534.0,565.0
2455977,30.06,31.44,561.0,392.0,543.0,531.0,523.0,478.0,543.0,481.0,416.0,523.0,541.0,566.0
2456977,30.06,31.44,565.0,413.0,551.0,538.0,526.0,495.0,552.0,487.0,421.0,526.0,548.0,566.0
2457978,30.06,31.62,562.0,411.0,551.0,541.0,525.0,494.0,557.0,494.0,433.0,534.0,556.0,567.0
2458978,30.19,31.81,566.0,424.0,556.0,547.0,528.0,502.0,551.0,480.0,423.0,526.0,550.0,569.0
2459980,30.19,31.81,564.0,417.0,556.0,548.0,529.0,495.0,558.0,492.0,443.0,536.0,560.0,571.0
2460980,30.31,31.87,567.0,429.0,561.0,549.0,535.0,499.0,560.0,489.0,426.0,532.0,553.0,570.0
2461980,30.56,32.0,569.0,423.0,560.0,545.0,539.0,499.0,561.0,485.0,419.0,527.0,548.0,572.0
2462980,30.56,32.0,566.0,407.0,554.0,539.0,542.0,491.0,558.0,484.0,413.0,529.0,548.0,575.0
2463980,30.69,32.13,568.0,411.0,559.0,542.0,549.0,490.0,565.0,501.0,438.0,545.0,565.0,577.0
2464982,30.81,32.19,574.0,424.0,563.0,544.0,557.0,508.0,568.0,504.0,442.0,547.0,566.0,583.0
2465982,30.81,32.19,574.0,431.0,564.0,545.0,560.0,511.0,567.0,503.0,436.0,544.0,562.0,585.0
2466983,31.0,32.13,576.0,431.0,565.0,544.0,558.0,517.0,565.0,500.0,433.0,540.0,558.0,587.0
2467984,31.19,32.13,583.0,441.0,570.0,549.0,555.0,528.0,564.0,497.0,430.0,538.0,554.0,588.0
2468984,31.31,32.13,584.0,427.0,567.0,551.0,552.0,523.0,565.0,501.0,435.0,545.0,563.0,594.0
2469984,31.31,32.13,584.0,427.0,569.0,558.0,550.0,521.0,568.0,501.0,438.0,546.0,563.0,591.0
2470984,31.44,32.19,585.0,430.0,571.0,565.0,550.0,525.0,566.0,489.0,414.0,539.0,548.0,588.0
2471984,31.56,32.31,582.0,412.0,564.0,564.0,547.0,514.0,572.0,496.0,418.0,548.0,555.0,595.0
2472984,31.56,32.31,584.0,410.0,563.0,564.0,547.0,509.0,580.0,511.0,451.0,564.0,578.0,593.0
2473984,31.69,32.56,585.0,407.0,563.0,563.0,547.0,509.0,583.0,517.0,452.0,568.0,581.0,591.0
2474985,32.06,32.75,591.0,446.0,581.0,570.0,551.0,535.0,576.0,504.0,424.0,558.0,563.0,590.0
2475985,32.06,32.75,593.0,430.0,577.0,567.0,550.0,527.0,578.0,506.0,430.0,559.0,570.0,589.0
2476985,32.38,32.88,592.0,422.0,571.0,565.0,550.0,522.0,584.0,517.0,437.0,561.0,575.0,590.0
2477985,32.56,33.0,593.0,418.0,570.0,563.0,551.0,519.0,584.0,516.0,438.0,557.0,574.0,589.0
2478985,32.56,33.0,597.0,431.0,576.0,565.0,555.0,525.0,583.0,521.0,443.0,553.0,576.0,586.0
2479985,32.75,33.13,607.0,460.0,587.0,570.0,560.0,539.0,598.0,543.0,474.0,567.0,595.0,588.0
2480985,32.94,33.25,614.0,466.0,591.0,570.0,566.0,544.0,608.0,547.0,481.0,570.0,598.0,589.0
2481987,32.94,33.25,619.0,463.0,589.0,570.0,570.0,550.0,597.0,528.0,439.0,546.0,573.0,590.0
2482987,33.19,33.31,616.0,443.0,583.0,566.0,572.0,543.0,607.0,548.0,476.0,563.0,597.0,593.0
2483988,33.31,33.5,621.0,465.0,592.0,572.0,576.0,555.0,606.0,554.0,475.0,565.0,600.0,595.0
2484989,33.31,33.5,624.0,475.0,596.0,574.0,579.0,564.0,606.0,560.0,476.0,569.0,600.0,595.0
2485989,33.38,33.69,617.0,439.0,584.0,568.0,580.0,551.0,605.0,562.0,485.0,570.0,606.0,599.0
2486989,33.44,33.88,620.0,475.0,601.0,578.0,582.0,569.0,605.0,562.0,485.0,570.0,606.0,599.0
2487989,33.44,33.88,620.0,467.0,599.0,579.0,579.0,564.0,602.0,560.0,472.0,563.0,597.0,600.0
2488989,33.56,34.0,622.0,479.0,605.0,586.0,581.0,571.0,608.0,566.0,485.0,569.0,603.0,604.0
2489990,33.81,34.25,619.0,480.0,607.0,591.0,585.0,575.0,613.0,570.0,491.0,571.0,607.0,608.0
2490990,33.81,34.25,628.0,529.0,628.0,605.0,591.0,601.0,629.0,594.0,554.0,597.0,633.0,611.0
2491990,33.94,34.5,622.0,501.0,611.0,601.0,588.0,585.0,618.0,571.0,494.0,574.0,611.0,609.0
2492990,34.06,34.69,630.0,509.0,615.0,601.0,590.0,588.0,628.0,575.0,508.0,584.0,618.0,612.0
2493990,34.06,34.69,652.0,597.0,642.0,616.0,599.0,625.0,653.0,609.0,586.0,616.0,652.0,613.0
2494991,34.19,34.81,654.0,605.0,641.0,617.0,602.0,630.0,661.0,615.0,591.0,622.0,658.0,613.0
2495992,34.44,34.94,658.0,604.0,643.0,606.0,608.0,631.0,676.0,630.0,625.0,633.0,674.0,615.0
2496993,34.44,34.94,637.0,481.0,606.0,596.0,608.0,585.0,637.0,561.0,477.0,582.0,608.0,613.0
2497994,34.69,35.19,640.0,508.0,615.0,603.0,613.0,593.0,642.0,579.0,503.0,596.0,625.0,614.0
2498995,34.94,35.44,646.0,538.0,623.0,608.0,619.0,607.0,650.0,595.0,541.0,614.0,653.0,615.0
2499995,34.94,35.44,634.0,475.0,605.0,605.0,616.0,583.0,630.0,564.0,469.0,581.0,607.0,614.0
2500995,35.13,35.81,630.0,462.0,603.0,610.0,615.0,578.0,632.0,570.0,463.0,581.0,609.0,614.0
2501996,35.31,36.0,628.0,452.0,600.0,609.0,614.0,574.0,628.0,561.0,442.0,572.0,593.0,617.0
2502997,35.31,36.0,629.0,467.0,606.0,613.0,613.0,586.0,632.0,568.0,461.0,578.0,602.0,616.0
2503997,35.5,36.13,634.0,491.0,620.0,619.0,616.0,597.0,640.0,582.0,482.0,585.0,617.0,619.0
2504998,35.75,36.38,640.0,506.0,625.0,619.0,617.0,604.0,645.0,589.0,498.0,597.0,627.0,618.0
2505998,35.75,36.38,629.0,464.0,607.0,605.0,613.0,591.0,636.0,566.0,447.0,576.0,596.0,621.0
2506998,35.94,36.75,633.0,474.0,613.0,615.0,611.0,599.0,643.0,575.0,458.0,584.0,601.0,621.0
2507998,36.19,37.19,632.0,468.0,612.0,612.0,609.0,593.0,648.0,578.0,468.0,588.0,608.0,622.0
2508998,36.19,37.19,634.0,472.0,614.0,613.0,609.0,598.0,646.0,577.0,462.0,583.0,606.0,625.0
2509999,36.5,37.56,633.0,453.0,609.0,605.0,606.0,591.0,643.0,570.0,452.0,577.0,597.0,625.0
2511000,36.81,37.81,634.0,450.0,612.0,606.0,610.0,591.0,641.0,578.0,449.0,573.0,594.0,628.0
2512001,37.13,37.88,633.0,431.0,606.0,605.0,615.0,588.0,634.0,573.0,439.0,566.0,583.0,628.0
2513002,37.13,37.88,634.0,419.0,605.0,606.0,620.0,589.0,626.0,565.0,423.0,560.0,570.0,629.0
2514003,37.5,38.06,639.0,424.0,607.0,610.0,626.0,599.0,627.0,566.0,427.0,561.0,570.0,630.0
2515003,37.69,38.25,652.0,432.0,610.0,615.0,631.0,609.0,628.0,563.0,428.0,562.0,570.0,632.0
2516003,37.69,38.25,652.0,438.0,611.0,615.0,634.0,615.0,631.0,565.0,439.0,568.0,574.0,631.0
2517003,37.81,38.56,651.0,427.0,609.0,612.0,634.0,616.0,631.0,561.0,427.0,562.0,566.0,636.0
2518005,37.88,38.69,650.0,438.0,615.0,618.0,636.0,617.0,639.0,564.0,431.0,565.0,570.0,639.0
2519005,37.88,38.69,650.0,437.0,610.0,620.0,636.0,618.0,641.0,567.0,425.0,562.0,569.0,643.0
2520012,38.0,38.81,651.0,435.0,612.0,622.0,637.0,615.0,646.0,567.0,426.0,562.0,569.0,646.0
2521012,38.31,39.0,654.0,439.0,614.0,620.0,637.0,611.0,654.0,571.0,425.0,562.0,569.0,650.0
2522013,38.31,39.0,657.0,433.0,611.0,612.0,638.0,609.0,656.0,569.0,424.0,559.0,564.0,652.0
2523013,38.56,39.38,660.0,434.0,614.0,609.0,642.0,611.0,655.0,571.0,426.0,565.0,568.0,657.0
2524013,38.75,39.75,663.0,430.0,616.0,605.0,647.0,609.0,656.0,572.0,421.0,559.0,563.0,654.0
2525014,38.75,39.75,665.0,429.0,618.0,604.0,646.0,610.0,660.0,574.0,422.0,556.0,567.0,655.0
2526015,38.88,39.94,668.0,428.0,617.0,605.0,644.0,611.0,658.0,578.0,422.0,561.0,567.0,658.0
2527016,39.06,40.06,668.0,425.0,617.0,606.0,642.0,615.0,657.0,580.0,420.0,566.0,564.0,659.0
2528017,39.06,40.06,670.0,425.0,618.0,609.0,641.0,615.0,658.0,583.0,423.0,571.0,564.0,661.0
2529018,39.19,40.25,669.0,429.0,619.0,612.0,642.0,618.0,662.0,581.0,428.0,576.0,565.0,663.0
2530018,39.44,40.5,671.0,431.0,618.0,617.0,645.0,621.0,662.0,584.0,426.0,577.0,566.0,665.0
2531018,39.44,40.5,671.0,428.0,619.0,626.0,640.0,618.0,666.0,586.0,426.0,576.0,566.0,665.0
2532019,39.56,40.81,672.0,429.0,621.0,626.0,636.0,616.0,668.0,587.0,425.0,572.0,567.0,669.0
2533020,39.75,41.19,673.0,433.0,623.0,629.0,633.0,618.0,670.0,587.0,427.0,575.0,569.0,671.0
2534021,39.75,41.19,673.0,439.0,626.0,630.0,633.0,618.0,675.0,587.0,429.0,577.0,574.0,676.0
2535021,40.0,41.69,676.0,443.0,625.0,630.0,638.0,618.0,677.0,592.0,431.0,576.0,574.0,674.0
2536021,40.38,41.88,679.0,442.0,627.0,628.0,643.0,622.0,675.0,593.0,425.0,581.0,576.0,679.0
2537021,40.38,41.88,682.0,448.0,629.0,628.0,650.0,628.0,676.0,595.0,433.0,587.0,579.0,682.0
2538021,40.69,42.13,681.0,454.0,633.0,628.0,658.0,627.0,677.0,596.0,438.0,594.0,582.0,680.0
2539021,40.94,42.25,683.0,454.0,636.0,628.0,662.0,626.0,677.0,600.0,438.0,600.0,584.0,679.0
2540021,40.94,42.25,686.0,455.0,639.0,634.0,659.0,629.0,679.0,602.0,446.0,606.0,585.0,678.0
2541021,41.19,42.31,688.0,447.0,635.0,633.0,658.0,622.0,683.0,604.0,455.0,610.0,594.0,678.0
2542022,41.31,42.38,687.0,442.0,633.0,630.0,656.0,617.0,685.0,597.0,435.0,603.0,578.0,681.0
2543024,41.31,42.38,692.0,445.0,637.0,630.0,655.0,614.0,688.0,600.0,435.0,606.0,583.0,683.0
2544023,41.44,42.5,699.0,442.0,638.0,628.0,656.0,614.0,688.0,599.0,426.0,608.0,580.0,685.0
2545024,41.63,42.56,696.0,440.0,636.0,630.0,658.0,615.0,689.0,601.0,425.0,606.0,576.0,688.0
2546024,41.63,42.56,694.0,430.0,629.0,628.0,657.0,615.0,690.0,598.0,412.0,606.0,567.0,690.0
2547024,41.94,42.69,692.0,430.0,629.0,627.0,658.0,619.0,692.0,593.0,416.0,606.0,566.0,693.0
2548024,42.25,42.94,689.0,423.0,626.0,626.0,660.0,613.0,691.0,591.0,407.0,606.0,560.0,698.0
2549025,42.25,42.94,690.0,423.0,625.0,626.0,665.0,609.0,691.0,591.0,400.0,602.0,554.0,700.0
2550025,42.63,43.25,690.0,422.0,627.0,627.0,668.0,610.0,690.0,588.0,402.0,606.0,559.0,702.0
2551025,43.0,43.56,691.0,420.0,628.0,629.0,665.0,609.0,690.0,594.0,404.0,608.0,559.0,705.0
2552025,43.0,43.56,690.0,424.0,630.0,633.0,661.0,610.0,692.0,596.0,406.0,608.0,562.0,705.0
2553025,43.31,44.0,681.0,470.0,654.0,661.0,667.0,624.0,696.0,600.0,411.0,609.0,562.0,707.0
2554026,43.5,44.38,692.0,439.0,642.0,653.0,662.0,613.0,701.0,611.0,435.0,621.0,577.0,709.0
2555026,43.5,44.38,696.0,504.0,675.0,678.0,675.0,640.0,719.0,644.0,508.0,654.0,632.0,711.0
2556028,43.75,44.81,702.0,532.0,690.0,689.0,682.0,654.0,729.0,663.0,553.0,669.0,658.0,716.0
2557028,43.94,45.19,692.0,526.0,678.0,690.0,683.0,653.0,744.0,703.0,634.0,697.0,720.0,719.0
2558029,44.19,45.56,683.0,495.0,669.0,682.0,684.0,650.0,714.0,632.0,490.0,645.0,623.0,717.0
2559030,44.19,45.56,682.0,481.0,660.0,677.0,678.0,647.0,711.0,623.0,466.0,641.0,608.0,716.0
2560030,44.38,45.69,688.0,475.0,657.0,675.0,680.0,647.0,710.0,625.0,465.0,642.0,612.0,715.0
2561030,44.5,45.75,690.0,474.0,659.0,677.0,679.0,647.0,713.0,622.0,467.0,649.0,615.0,713.0
2562030,44.5,45.75,692.0,476.0,667.0,679.0,682.0,647.0,717.0,620.0,464.0,652.0,613.0,715.0
2563031,44.69,45.81,700.0,486.0,671.0,686.0,687.0,653.0,721.0,628.0,470.0,655.0,620.0,715.0
2564031,44.88,46.06,697.0,483.0,669.0,687.0,689.0,652.0,721.0,630.0,475.0,654.0,621.0,715.0
2565031,44.88,46.06,695.0,469.0,663.0,682.0,687.0,659.0,721.0,621.0,454.0,651.0,602.0,713.0
2566030,45.13,46.25,697.0,474.0,665.0,685.0,691.0,667.0,730.0,630.0,467.0,659.0,613.0,715.0
2567031,45.38,46.44,704.0,476.0,666.0,684.0,692.0,664.0,732.0,625.0,461.0,664.0,610.0,715.0
2568031,45.38,46.44,714.0,483.0,670.0,687.0,692.0,662.0,734.0,631.0,474.0,670.0,617.0,718.0
2569031,45.63,46.63,717.0,494.0,676.0,691.0,693.0,664.0,737.0,637.0,474.0,670.0,619.0,722.0
2570031,45.94,47.0,716.0,498.0,683.0,692.0,698.0,669.0,738.0,642.0,480.0,671.0,620.0,726.0
2571032,45.94,47.0,715.0,511.0,689.0,694.0,705.0,673.0,740.0,647.0,496.0,676.0,633.0,729.0
2572033,46.19,47.31,712.0,507.0,691.0,691.0,710.0,670.0,736.0,646.0,504.0,673.0,633.0,734.0
2573033,46.31,47.56,718.0,497.0,686.0,685.0,712.0,668.0,736.0,648.0,494.0,678.0,628.0,737.0
2574033,46.31,47.56,724.0,506.0,692.0,687.0,718.0,673.0,733.0,652.0,495.0,687.0,633.0,739.0
2575034,46.75,47.94,723.0,502.0,687.0,682.0,719.0,670.0,735.0,646.0,502.0,688.0,640.0,740.0
2576034,47.13,48.56,728.0,525.0,698.0,689.0,723.0,679.0,739.0,652.0,512.0,691.0,649.0,742.0
2577034,47.13,48.56,729.0,529.0,702.0,693.0,723.0,678.0,742.0,659.0,517.0,693.0,656.0,744.0
2578034,47.44,49.13,729.0,536.0,704.0,696.0,724.0,683.0,745.0,662.0,526.0,692.0,659.0,745.0
2579035,47.75,49.56,728.0,528.0,701.0,692.0,725.0,677.0,742.0,658.0,513.0,690.0,652.0,744.0
2580035,47.75,49.56,729.0,535.0,704.0,695.0,726.0,681.0,744.0,657.0,514.0,692.0,651.0,745.0
2581035,48.06,50.0,731.0,546.0,709.0,700.0,727.0,686.0,746.0,660.0,518.0,694.0,659.0,747.0
2582035,48.5,50.13,730.0,538.0,707.0,701.0,728.0,682.0,742.0,658.0,523.0,696.0,657.0,749.0
2583035,48.5,50.13,720.0,472.0,674.0,678.0,720.0,652.0,728.0,628.0,440.0,674.0,601.0,749.0
2584035,48.81,49.94,730.0,499.0,691.0,689.0,728.0,667.0,731.0,625.0,422.0,672.0,587.0,748.0
2585036,49.0,50.0,735.0,509.0,697.0,694.0,728.0,674.0,741.0,649.0,479.0,690.0,622.0,752.0
2586037,49.0,50.0,737.0,518.0,704.0,705.0,727.0,680.0,741.0,651.0,491.0,696.0,630.0,755.0
2587038,49.31,50.25,734.0,497.0,696.0,707.0,722.0,667.0,744.0,651.0,485.0,697.0,625.0,756.0
2588038,49.69,50.5,738.0,506.0,699.0,715.0,722.0,682.0,741.0,653.0,484.0,700.0,624.0,756.0
2589039,49.69,50.5,746.0,524.0,711.0,722.0,722.0,691.0,747.0,671.0,519.0,708.0,652.0,759.0
2590040,50.06,50.81,746.0,523.0,711.0,724.0,722.0,695.0,744.0,661.0,500.0,699.0,634.0,761.0
2591040,50.5,51.06,741.0,511.0,703.0,719.0,720.0,690.0,744.0,659.0,489.0,697.0,628.0,760.0
2592041,50.5,51.06,740.0,504.0,700.0,718.0,720.0,682.0,744.0,658.0,486.0,700.0,624.0,758.0
2593041,51.0,51.44,740.0,503.0,697.0,717.0,721.0,685.0,745.0,656.0,488.0,704.0,625.0,757.0
2594041,51.25,51.75,741.0,496.0,696.0,713.0,719.0,690.0,744.0,657.0,481.0,704.0,624.0,757.0
2595041,51.25,51.75,739.0,496.0,695.0,709.0,726.0,693.0,742.0,654.0,480.0,703.0,623.0,757.0
2596041,51.31,51.88,734.0,485.0,698.0,709.0,730.0,701.0,746.0,659.0,487.0,706.0,631.0,759.0
2597043,51.38,51.94,733.0,476.0,686.0,698.0,732.0,694.0,750.0,666.0,506.0,709.0,642.0,758.0
2598043,51.38,51.94,735.0,458.0,678.0,689.0,729.0,692.0,740.0,645.0,454.0,690.0,604.0,757.0
2599044,51.56,52.19,738.0,486.0,691.0,704.0,733.0,698.0,742.0,644.0,446.0,694.0,604.0,759.0
2600045,51.81,52.44,734.0,482.0,686.0,704.0,731.0,701.0,746.0,648.0,454.0,694.0,609.0,761.0
2601046,51.81,52.44,735.0,493.0,692.0,711.0,736.0,700.0,749.0,653.0,471.0,699.0,620.0,767.0
2602047,52.19,52.88,732.0,500.0,697.0,715.0,743.0,696.0,748.0,660.0,473.0,704.0,626.0,768.0
2603047,52.63,53.31,732.0,491.0,694.0,715.0,747.0,698.0,744.0,654.0,455.0,701.0,613.0,770.0
2604048,52.63,53.31,739.0,529.0,717.0,729.0,758.0,715.0,754.0,671.0,501.0,717.0,643.0,773.0
2605048,53.13,53.63,723.0,481.0,687.0,703.0,753.0,697.0,746.0,654.0,456.0,704.0,610.0,774.0
2606049,53.56,53.88,729.0,484.0,689.0,704.0,757.0,704.0,746.0,652.0,445.0,708.0,603.0,776.0
2607050,53.56,53.88,726.0,468.0,680.0,698.0,754.0,696.0,749.0,653.0,436.0,712.0,597.0,778.0
2608050,53.69,54.19,731.0,489.0,690.0,706.0,757.0,702.0,752.0,663.0,464.0,721.0,616.0,778.0
2609051,53.75,54.63,725.0,448.0,669.0,688.0,753.0,689.0,738.0,630.0,407.0,698.0,574.0,775.0
2610051,53.81,54.81,734.0,468.0,687.0,694.0,758.0,703.0,749.0,647.0,431.0,710.0,594.0,775.0
2611051,53.81,54.81,736.0,475.0,690.0,697.0,760.0,707.0,752.0,649.0,441.0,711.0,599.0,775.0
2612051,53.94,55.0,739.0,487.0,702.0,703.0,768.0,710.0,753.0,653.0,450.0,717.0,603.0,778.0
2613051,54.19,55.25,736.0,479.0,696.0,699.0,772.0,710.0,746.0,648.0,439.0,715.0,597.0,778.0
2614051,54.19,55.25,740.0,498.0,706.0,709.0,777.0,720.0,744.0,653.0,443.0,724.0,604.0,780.0
2615052,54.44,55.38,736.0,482.0,696.0,703.0,776.0,719.0,741.0,651.0,442.0,723.0,601.0,783.0
2616053,54.63,55.56,735.0,476.0,694.0,700.0,776.0,711.0,739.0,648.0,444.0,721.0,600.0,785.0
2617054,54.63,55.56,739.0,483.0,697.0,705.0,777.0,712.0,740.0,656.0,454.0,723.0,607.0,789.0
2618055,54.94,55.75,732.0,460.0,684.0,694.0,775.0,704.0,737.0,644.0,430.0,720.0,590.0,792.0
2619055,55.19,56.0,738.0,475.0,697.0,705.0,777.0,713.0,740.0,648.0,437.0,725.0,595.0,794.0
2620056,55.19,56.0,739.0,481.0,705.0,711.0,779.0,719.0,743.0,660.0,453.0,732.0,607.0,793.0
2621056,55.5,56.31,738.0,480.0,707.0,712.0,780.0,717.0,739.0,661.0,454.0,732.0,604.0,792.0
2622057,55.94,56.81,737.0,481.0,704.0,712.0,783.0,725.0,736.0,657.0,453.0,728.0,606.0,795.0
2623058,55.94,56.81,736.0,479.0,701.0,711.0,780.0,726.0,735.0,656.0,439.0,724.0,597.0,795.0
2624058,56.31,57.31,737.0,487.0,704.0,715.0,780.0,732.0,734.0,662.0,449.0,729.0,604.0,793.0
2625058,56.63,57.56,744.0,517.0,719.0,731.0,780.0,744.0,737.0,670.0,467.0,732.0,615.0,794.0
2626058,56.63,57.56,741.0,511.0,716.0,736.0,780.0,744.0,739.0,673.0,469.0,738.0,621.0,794.0
2627058,57.0,57.5,750.0,540.0,728.0,748.0,778.0,752.0,737.0,672.0,482.0,740.0,624.0,796.0
2628058,57.25,57.63,747.0,521.0,725.0,746.0,777.0,747.0,737.0,677.0,488.0,740.0,632.0,800.0
2629058,57.25,57.63,753.0,539.0,737.0,755.0,780.0,751.0,739.0,682.0,502.0,748.0,644.0,802.0
2630059,57.44,57.88,743.0,499.0,716.0,742.0,779.0,737.0,721.0,663.0,472.0,742.0,626.0,800.0
2631060,57.75,58.13,746.0,502.0,720.0,745.0,781.0,739.0,724.0,669.0,480.0,750.0,632.0,808.0
2632061,57.75,58.13,751.0,516.0,728.0,753.0,784.0,749.0,715.0,665.0,477.0,744.0,629.0,806.0
2633062,58.19,58.44,746.0,506.0,720.0,749.0,785.0,744.0,709.0,665.0,481.0,747.0,630.0,808.0
2634063,58.38,58.88,744.0,488.0,713.0,742.0,786.0,739.0,696.0,657.0,452.0,748.0,611.0,810.0
2635063,58.38,58.88,744.0,483.0,709.0,742.0,788.0,733.0,691.0,652.0,450.0,746.0,605.0,809.0
2636064,58.44,59.19,746.0,496.0,711.0,743.0,788.0,741.0,691.0,652.0,448.0,746.0,605.0,807.0
2637066,58.44,59.44,741.0,493.0,710.0,743.0,786.0,737.0,697.0,657.0,449.0,753.0,606.0,815.0
2638066,58.44,59.44,742.0,503.0,717.0,746.0,788.0,745.0,708.0,665.0,462.0,761.0,615.0,822.0
2639066,58.69,59.94,741.0,500.0,719.0,746.0,793.0,748.0,708.0,671.0,466.0,764.0,621.0,825.0
2640066,59.0,60.38,742.0,499.0,718.0,745.0,797.0,752.0,707.0,670.0,458.0,756.0,619.0,827.0
2641066,59.0,60.38,741.0,502.0,724.0,750.0,799.0,751.0,702.0,676.0,467.0,764.0,630.0,831.0
2642066,59.56,60.63,746.0,509.0,723.0,756.0,800.0,756.0,709.0,676.0,476.0,765.0,633.0,831.0
2643066,59.94,61.13,744.0,499.0,720.0,754.0,799.0,759.0,700.0,671.0,462.0,766.0,626.0,830.0
2644067,59.94,61.13,743.0,502.0,718.0,755.0,801.0,765.0,697.0,673.0,462.0,768.0,621.0,828.0
2645068,60.31,61.44,743.0,501.0,721.0,755.0,806.0,767.0,704.0,674.0,460.0,766.0,620.0,833.0
2646069,60.81,61.81,744.0,505.0,724.0,754.0,810.0,772.0,707.0,676.0,461.0,768.0,625.0,833.0
2647070,60.81,61.81,750.0,523.0,734.0,760.0,814.0,778.0,717.0,686.0,479.0,772.0,640.0,833.0
2648071,61.25,62.25,750.0,524.0,732.0,760.0,814.0,778.0,718.0,687.0,484.0,771.0,640.0,832.0
2649072,61.75,62.5,748.0,530.0,739.0,768.0,815.0,784.0,731.0,705.0,519.0,777.0,670.0,833.0
2650072,61.75,62.5,736.0,501.0,723.0,763.0,811.0,778.0,726.0,690.0,487.0,771.0,643.0,831.0
2651072,62.25,62.75,737.0,505.0,721.0,762.0,810.0,780.0,718.0,685.0,472.0,766.0,624.0,829.0
2652073,62.5,62.88,745.0,526.0,730.0,766.0,811.0,783.0,721.0,692.0,482.0,771.0,638.0,829.0
2653072,62.5,62.88,752.0,527.0,732.0,766.0,812.0,785.0,725.0,692.0,489.0,771.0,642.0,828.0
2654073,62.56,63.06,751.0,536.0,736.0,770.0,813.0,786.0,728.0,692.0,494.0,773.0,646.0,830.0
2655073,62.63,63.63,744.0,515.0,723.0,769.0,812.0,787.0,720.0,682.0,464.0,764.0,628.0,828.0
2656073,62.63,63.63,746.0,529.0,734.0,776.0,816.0,786.0,722.0,689.0,474.0,769.0,634.0,825.0
2657073,62.88,64.19,749.0,532.0,741.0,775.0,816.0,780.0,725.0,685.0,475.0,777.0,639.0,828.0
2658073,63.31,64.5,745.0,529.0,739.0,770.0,815.0,781.0,728.0,682.0,478.0,778.0,635.0,830.0
2659073,63.31,64.5,746.0,526.0,734.0,762.0,818.0,783.0,724.0,671.0,468.0,772.0,631.0,830.0
2660073,63.56,64.69,745.0,529.0,734.0,759.0,821.0,785.0,726.0,670.0,464.0,771.0,634.0,831.0
2661073,63.63,64.87,744.0,529.0,737.0,765.0,823.0,790.0,731.0,675.0,477.0,771.0,639.0,832.0
2662074,63.63,64.87,739.0,536.0,740.0,772.0,824.0,791.0,730.0,672.0,481.0,770.0,645.0,837.0
2663075,63.75,65.06,736.0,534.0,741.0,775.0,825.0,792.0,729.0,668.0,480.0,768.0,644.0,837.0
2664076,64.12,65.19,734.0,533.0,741.0,774.0,823.0,790.0,734.0,666.0,484.0,769.0,652.0,836.0
2665076,64.12,65.19,739.0,539.0,745.0,778.0,823.0,791.0,733.0,668.0,486.0,772.0,649.0,840.0
2666078,64.56,65.37,741.0,546.0,747.0,784.0,830.0,795.0,735.0,674.0,494.0,776.0,648.0,841.0
2667078,64.94,65.56,726.0,546.0,741.0,779.0,834.0,799.0,734.0,673.0,486.0,773.0,646.0,843.0
2668078,64.94,65.56,732.0,554.0,743.0,784.0,834.0,801.0,736.0,676.0,492.0,776.0,647.0,845.0
2669078,65.31,65.87,736.0,551.0,741.0,787.0,834.0,803.0,726.0,673.0,488.0,768.0,645.0,845.0
2670078,65.56,66.19,742.0,549.0,744.0,785.0,836.0,804.0,728.0,675.0,490.0,772.0,647.0,845.0
2671078,65.56,66.19,745.0,551.0,743.0,783.0,842.0,804.0,727.0,676.0,491.0,767.0,656.0,847.0
2672078,65.81,66.56,742.0,554.0,742.0,781.0,846.0,805.0,727.0,677.0,491.0,767.0,659.0,847.0
2673079,66.0,66.81,747.0,554.0,742.0,778.0,850.0,804.0,722.0,674.0,495.0,767.0,660.0,847.0
2674079,66.19,67.19,749.0,555.0,744.0,777.0,854.0,807.0,729.0,676.0,497.0,766.0,658.0,847.0
2675080,66.19,67.19,752.0,555.0,745.0,776.0,858.0,804.0,736.0,682.0,497.0,768.0,662.0,849.0
2676082,66.44,67.44,756.0,566.0,753.0,778.0,863.0,803.0,743.0,682.0,500.0,766.0,671.0,851.0
2677082,66.62,67.81,763.0,581.0,758.0,785.0,868.0,799.0,750.0,687.0,512.0,769.0,674.0,856.0
2678082,66.62,67.81,756.0,567.0,749.0,779.0,872.0,797.0,748.0,684.0,508.0,769.0,671.0,858.0
2679082,66.81,68.37,758.0,571.0,754.0,788.0,874.0,795.0,749.0,682.0,505.0,764.0,668.0,859.0
2680082,67.12,68.87,754.0,574.0,755.0,793.0,874.0,794.0,752.0,684.0,503.0,763.0,663.0,860.0
2681082,67.12,68.87,753.0,578.0,755.0,791.0,874.0,798.0,756.0,683.0,507.0,760.0,660.0,861.0
2682084,67.56,69.06,752.0,577.0,755.0,791.0,872.0,799.0,757.0,684.0,504.0,756.0,660.0,860.0
2683084,67.94,69.19,744.0,578.0,756.0,793.0,871.0,797.0,759.0,686.0,510.0,752.0,658.0,861.0
2684084,67.94,69.19,744.0,583.0,756.0,798.0,870.0,795.0,760.0,684.0,509.0,750.0,662.0,862.0
2685084,68.44,69.25,745.0,584.0,759.0,806.0,868.0,794.0,804.0,754.0,628.0,797.0,748.0,868.0
2686084,68.87,69.37,750.0,592.0,764.0,813.0,870.0,800.0,766.0,692.0,514.0,747.0,670.0,863.0
2687084,68.87,69.37,749.0,600.0,768.0,816.0,871.0,803.0,764.0,692.0,522.0,750.0,673.0,864.0
2688084,69.25,69.56,754.0,603.0,771.0,821.0,867.0,802.0,767.0,691.0,531.0,749.0,680.0,866.0
2689087,69.56,69.81,763.0,606.0,773.0,824.0,863.0,795.0,767.0,692.0,537.0,754.0,685.0,867.0
2690087,69.56,69.81,764.0,611.0,770.0,829.0,861.0,792.0,764.0,690.0,532.0,750.0,684.0,866.0
2691088,69.81,70.19,768.0,611.0,769.0,829.0,858.0,793.0,763.0,690.0,531.0,748.0,681.0,862.0
2692089,70.19,70.62,769.0,610.0,766.0,828.0,853.0,791.0,756.0,691.0,522.0,747.0,679.0,863.0
2693090,70.19,70.62,776.0,626.0,776.0,832.0,853.0,797.0,760.0,703.0,537.0,758.0,693.0,862.0
2694091,70.5,71.12,772.0,622.0,771.0,828.0,850.0,793.0,759.0,697.0,530.0,754.0,689.0,863.0
2695092,70.75,71.69,785.0,640.0,781.0,834.0,855.0,792.0,768.0,708.0,549.0,760.0,705.0,865.0
2696093,70.75,71.69,779.0,636.0,777.0,835.0,854.0,788.0,767.0,707.0,545.0,755.0,700.0,865.0
2697093,71.06,72.0,780.0,636.0,778.0,836.0,852.0,787.0,767.0,703.0,538.0,747.0,694.0,864.0
2698093,71.5,72.25,772.0,623.0,771.0,834.0,846.0,778.0,776.0,713.0,563.0,762.0,702.0,867.0
2699092,71.5,72.25,778.0,635.0,779.0,840.0,848.0,780.0,778.0,715.0,563.0,761.0,699.0,868.0
2700093,71.75,72.44,777.0,636.0,778.0,839.0,852.0,775.0,775.0,702.0,549.0,759.0,694.0,870.0
2701093,72.0,72.56,779.0,639.0,779.0,843.0,855.0,778.0,777.0,701.0,550.0,761.0,695.0,870.0
2702093,72.0,72.56,738.0,731.0,777.0,691.0,751.0,753.0,627.0,643.0,638.0,640.0,642.0,614.0
2703093,72.19,72.62,701.0,688.0,734.0,638.0,718.0,716.0,581.0,589.0,569.0,592.0,582.0,583.0
2704094,72.37,72.75,694.0,683.0,730.0,631.0,708.0,711.0,567.0,573.0,550.0,573.0,562.0,570.0
2705094,72.37,72.75,689.0,671.0,719.0,627.0,702.0,700.0,560.0,561.0,540.0,565.0,554.0,565.0
2706095,72.75,73.0,693.0,671.0,719.0,629.0,702.0,695.0,557.0,556.0,535.0,558.0,549.0,562.0
2707096,72.87,73.44,689.0,650.0,706.0,635.0,704.0,679.0,579.0,565.0,537.0,570.0,564.0,588.0
2708096,72.87,73.44,701.0,679.0,726.0,645.0,712.0,698.0,574.0,575.0,552.0,576.0,568.0,585.0
2709097,73.06,73.81,710.0,691.0,735.0,655.0,721.0,706.0,592.0,588.0,564.0,591.0,587.0,606.0
2710097,73.25,74.25,712.0,676.0,728.0,670.0,735.0,700.0,616.0,597.0,557.0,612.0,614.0,648.0
2711097,73.25,74.25,716.0,665.0,723.0,683.0,744.0,697.0,613.0,599.0,563.0,609.0,610.0,639.0
2712098,73.62,74.75,738.0,504.0,656.0,788.0,816.0,651.0,740.0,621.0,389.0,714.0,622.0,897.0
2713098,73.81,75.0,744.0,504.0,661.0,792.0,820.0,672.0,756.0,631.0,391.0,714.0,599.0,897.0
2714098,73.81,75.0,743.0,501.0,664.0,797.0,821.0,670.0,762.0,640.0,383.0,707.0,588.0,899.0
2715098,74.06,75.25,741.0,502.0,660.0,798.0,818.0,667.0,768.0,642.0,381.0,702.0,583.0,899.0
2716098,74.37,75.56,740.0,505.0,665.0,792.0,812.0,665.0,768.0,644.0,381.0,696.0,581.0,901.0
2717099,74.37,75.56,738.0,505.0,667.0,803.0,808.0,670.0,766.0,647.0,380.0,696.0,587.0,901.0
2718099,74.81,75.81,737.0,504.0,671.0,810.0,809.0,671.0,767.0,648.0,382.0,692.0,589.0,900.0
2719100,75.06,75.87,738.0,509.0,676.0,816.0,811.0,679.0,770.0,643.0,384.0,694.0,589.0,901.0
2720101,75.06,75.87,740.0,512.0,685.0,813.0,815.0,677.0,770.0,644.0,388.0,702.0,598.0,901.0
2721102,75.25,75.94,750.0,524.0,692.0,816.0,826.0,685.0,773.0,647.0,398.0,710.0,606.0,901.0
2722103,75.56,76.0,789.0,620.0,758.0,843.0,854.0,747.0,802.0,702.0,502.0,743.0,681.0,905.0
2723104,75.56,76.0,779.0,606.0,751.0,843.0,846.0,738.0,793.0,696.0,505.0,740.0,679.0,906.0
2724105,75.87,76.19,769.0,593.0,747.0,840.0,843.0,724.0,791.0,683.0,498.0,737.0,668.0,907.0
2725105,76.19,76.56,764.0,588.0,742.0,842.0,840.0,721.0,791.0,689.0,501.0,737.0,670.0,907.0
2726105,76.19,76.56,761.0,590.0,738.0,849.0,839.0,724.0,789.0,697.0,514.0,746.0,678.0,907.0
2727104,76.56,77.0,762.0,591.0,741.0,838.0,842.0,727.0,778.0,682.0,498.0,739.0,669.0,907.0
2728104,76.87,77.37,757.0,581.0,731.0,831.0,836.0,721.0,792.0,703.0,543.0,753.0,694.0,910.0
2729105,76.87,77.37,755.0,584.0,730.0,831.0,832.0,723.0,782.0,681.0,496.0,741.0,670.0,907.0
2730105,77.19,77.69,760.0,588.0,734.0,829.0,843.0,725.0,782.0,677.0,494.0,736.0,665.0,907.0
2731105,77.5,78.0,759.0,580.0,725.0,833.0,844.0,716.0,784.0,680.0,495.0,742.0,664.0,907.0
2732105,77.5,78.0,760.0,575.0,720.0,834.0,836.0,704.0,782.0,683.0,499.0,744.0,665.0,909.0
2733106,77.87,78.31,764.0,578.0,723.0,821.0,833.0,706.0,784.0,671.0,482.0,748.0,658.0,909.0
2734107,78.12,78.69,765.0,574.0,720.0,818.0,831.0,704.0,781.0,673.0,476.0,746.0,656.0,913.0
2735107,78.12,78.69,772.0,587.0,730.0,835.0,830.0,716.0,808.0,704.0,541.0,774.0,704.0,913.0
2736108,78.44,79.06,780.0,600.0,738.0,833.0,838.0,720.0,795.0,683.0,494.0,749.0,669.0,913.0
2737109,78.81,79.44,779.0,598.0,734.0,825.0,832.0,715.0,796.0,684.0,498.0,747.0,668.0,915.0
2738110,78.81,79.44,795.0,645.0,759.0,833.0,847.0,735.0,797.0,689.0,504.0,752.0,666.0,916.0
2739112,79.19,79.87,779.0,603.0,734.0,815.0,831.0,718.0,800.0,693.0,507.0,750.0,667.0,914.0
2740111,79.56,80.12,770.0,587.0,720.0,816.0,821.0,709.0,792.0,686.0,491.0,748.0,654.0,914.0
2741112,79.56,80.12,773.0,598.0,725.0,815.0,825.0,710.0,797.0,700.0,508.0,755.0,667.0,918.0
2742112,79.69,80.19,771.0,592.0,723.0,809.0,825.0,699.0,790.0,697.0,501.0,753.0,670.0,918.0
2743112,79.81,80.12,777.0,603.0,734.0,826.0,829.0,712.0,776.0,697.0,496.0,748.0,671.0,918.0
2744112,79.81,80.12,774.0,596.0,732.0,829.0,823.0,710.0,789.0,741.0,569.0,780.0,721.0,918.0
2745112,80.06,80.19,771.0,593.0,733.0,828.0,821.0,712.0,756.0,702.0,511.0,751.0,680.0,917.0
2746112,80.31,80.31,766.0,588.0,731.0,826.0,819.0,713.0,752.0,697.0,517.0,753.0,682.0,918.0
2747113,80.31,80.31,765.0,588.0,731.0,819.0,816.0,716.0,747.0,698.0,516.0,755.0,676.0,919.0
2748113,80.44,80.5,765.0,583.0,728.0,812.0,816.0,713.0,737.0,700.0,506.0,757.0,672.0,921.0
2749114,80.5,80.81,766.0,584.0,730.0,815.0,817.0,716.0,731.0,703.0,505.0,747.0,675.0,919.0
2750115,80.5,80.81,799.0,634.0,773.0,839.0,846.0,756.0,764.0,750.0,580.0,783.0,728.0,922.0
2751116,80.75,81.12,773.0,594.0,741.0,810.0,825.0,717.0,720.0,713.0,515.0,751.0,683.0,920.0
2752117,80.94,81.37,795.0,647.0,771.0,829.0,838.0,746.0,710.0,711.0,520.0,747.0,677.0,919.0
2753118,80.94,81.37,772.0,589.0,732.0,805.0,819.0,711.0,706.0,712.0,517.0,751.0,673.0,919.0
2754119,81.19,81.62,774.0,601.0,740.0,820.0,822.0,724.0,707.0,723.0,534.0,754.0,677.0,919.0
2755118,81.37,81.81,771.0,593.0,736.0,818.0,821.0,696.0,689.0,717.0,516.0,741.0,673.0,917.0
2756118,81.75,82.0,767.0,579.0,730.0,817.0,817.0,688.0,685.0,713.0,511.0,737.0,667.0,918.0
2757118,81.75,82.0,791.0,622.0,758.0,830.0,830.0,733.0,717.0,733.0,562.0,760.0,701.0,921.0
2758119,81.87,82.19,801.0,640.0,773.0,837.0,839.0,738.0,698.0,729.0,535.0,752.0,690.0,922.0
2759119,82.12,82.5,772.0,599.0,745.0,817.0,821.0,710.0,700.0,724.0,532.0,749.0,686.0,921.0
2760119,82.12,82.5,771.0,598.0,745.0,818.0,827.0,706.0,706.0,725.0,531.0,745.0,689.0,922.0
2761119,82.31,82.56,793.0,640.0,775.0,836.0,846.0,737.0,731.0,748.0,575.0,769.0,722.0,925.0
2762119,82.37,82.56,778.0,604.0,756.0,820.0,835.0,710.0,704.0,717.0,521.0,744.0,685.0,922.0
2763120,82.37,82.56,775.0,610.0,759.0,827.0,840.0,710.0,725.0,733.0,556.0,760.0,706.0,925.0
2764121,82.5,82.62,776.0,613.0,761.0,836.0,850.0,720.0,741.0,752.0,598.0,783.0,734.0,926.0
2765122,82.56,82.62,761.0,582.0,741.0,821.0,836.0,701.0,704.0,722.0,535.0,760.0,697.0,924.0
2766123,82.56,82.62,769.0,588.0,746.0,820.0,836.0,700.0,704.0,728.0,540.0,757.0,697.0,924.0
2767124,82.56,82.87,776.0,587.0,749.0,818.0,833.0,707.0,704.0,730.0,534.0,749.0,689.0,923.0
2768124,82.69,83.25,775.0,588.0,749.0,817.0,828.0,701.0,737.0,762.0,577.0,769.0,714.0,925.0
2769125,82.69,83.25,781.0,595.0,753.0,820.0,831.0,712.0,707.0,729.0,543.0,762.0,690.0,925.0
2770126,82.94,83.75,786.0,599.0,750.0,817.0,829.0,717.0,709.0,733.0,547.0,764.0,699.0,925.0
2771126,83.19,84.06,781.0,588.0,747.0,815.0,830.0,706.0,706.0,732.0,538.0,763.0,690.0,924.0
2772126,83.19,84.06,779.0,591.0,748.0,816.0,832.0,705.0,701.0,738.0,538.0,764.0,689.0,925.0
2773126,83.62,84.25,784.0,594.0,746.0,817.0,833.0,714.0,712.0,738.0,546.0,771.0,696.0,926.0
2774126,83.94,84.37,788.0,609.0,758.0,825.0,840.0,718.0,717.0,744.0,555.0,766.0,702.0,927.0
2775126,83.94,84.37,807.0,650.0,784.0,838.0,855.0,747.0,764.0,788.0,637.0,809.0,759.0,927.0
2776126,84.12,84.44,803.0,639.0,776.0,835.0,850.0,742.0,744.0,771.0,604.0,793.0,743.0,927.0
2777126,84.31,84.5,789.0,604.0,752.0,817.0,838.0,715.0,736.0,763.0,599.0,781.0,730.0,927.0
2778127,84.31,84.5,786.0,588.0,742.0,812.0,836.0,701.0,710.0,739.0,525.0,757.0,687.0,926.0
2779128,84.5,84.62,792.0,590.0,737.0,815.0,842.0,711.0,700.0,742.0,518.0,757.0,686.0,924.0
2780129,84.69,84.69,796.0,591.0,736.0,818.0,852.0,708.0,704.0,744.0,518.0,761.0,685.0,926.0
2781130,84.69,84.69,787.0,594.0,739.0,819.0,855.0,705.0,706.0,740.0,526.0,758.0,688.0,925.0
2782131,84.75,84.75,778.0,596.0,742.0,820.0,850.0,709.0,709.0,744.0,529.0,763.0,692.0,926.0
2783131,84.87,84.81,780.0,600.0,744.0,822.0,849.0,720.0,712.0,747.0,531.0,764.0,694.0,925.0
2784132,84.87,84.81,803.0,666.0,794.0,837.0,864.0,736.0,742.0,774.0,595.0,789.0,733.0,929.0
2785131,84.87,85.0,781.0,623.0,766.0,831.0,860.0,721.0,734.0,764.0,572.0,781.0,715.0,927.0
2786132,84.87,85.25,782.0,617.0,767.0,830.0,855.0,724.0,729.0,754.0,559.0,774.0,709.0,929.0
2787132,84.87,85.25,807.0,653.0,786.0,843.0,866.0,750.0,735.0,761.0,573.0,787.0,716.0,927.0
2788132,85.0,85.37,824.0,689.0,811.0,862.0,878.0,774.0,777.0,802.0,645.0,814.0,762.0,931.0
2789132,85.06,85.5,782.0,603.0,753.0,826.0,849.0,717.0,720.0,754.0,546.0,771.0,700.0,927.0
2790132,85.06,85.5,794.0,632.0,770.0,838.0,860.0,727.0,739.0,776.0,588.0,788.0,744.0,933.0
2791132,85.12,85.56,786.0,606.0,756.0,830.0,855.0,722.0,712.0,750.0,536.0,773.0,690.0,930.0
2792132,85.19,85.75,790.0,612.0,763.0,834.0,858.0,715.0,725.0,757.0,554.0,775.0,700.0,932.0
2793132,85.19,85.75,789.0,611.0,761.0,836.0,857.0,727.0,721.0,760.0,549.0,778.0,699.0,931.0
2794132,85.37,85.94,787.0,621.0,767.0,837.0,858.0,720.0,722.0,761.0,555.0,774.0,703.0,933.0
2795133,85.62,85.94,813.0,656.0,783.0,848.0,868.0,751.0,761.0,792.0,604.0,796.0,747.0,935.0
2796134,85.62,85.94,831.0,675.0,809.0,868.0,883.0,779.0,741.0,772.0,573.0,783.0,718.0,932.0
2797135,85.81,86.0,829.0,688.0,804.0,863.0,879.0,777.0,741.0,767.0,563.0,788.0,711.0,932.0
2798168,86.06,86.19,806.0,638.0,775.0,850.0,863.0,740.0,760.0,784.0,588.0,796.0,724.0,933.0
2799168,86.06,86.19,799.0,612.0,757.0,838.0,854.0,726.0,760.0,789.0,587.0,796.0,728.0,935.0
2800168,86.31,86.31,793.0,612.0,756.0,840.0,856.0,720.0,740.0,762.0,546.0,776.0,705.0,934.0
2801169,86.44,86.44,788.0,614.0,756.0,839.0,857.0,720.0,741.0,768.0,546.0,781.0,702.0,935.0
2802168,86.44,86.44,796.0,623.0,760.0,840.0,861.0,731.0,740.0,773.0,553.0,781.0,715.0,933.0
2803168,86.5,86.56,803.0,638.0,770.0,845.0,872.0,739.0,780.0,809.0,635.0,814.0,764.0,936.0
2804170,86.56,86.81,804.0,637.0,772.0,845.0,870.0,739.0,754.0,788.0,587.0,803.0,737.0,935.0
2805171,86.56,86.81,815.0,644.0,779.0,846.0,872.0,728.0,730.0,774.0,562.0,789.0,723.0,936.0
2806171,86.62,86.94,800.0,624.0,771.0,840.0,866.0,716.0,745.0,785.0,575.0,795.0,731.0,937.0
2807172,86.75,87.0,813.0,654.0,790.0,852.0,876.0,751.0,746.0,786.0,581.0,801.0,734.0,934.0
2808173,86.75,87.0,817.0,660.0,793.0,854.0,878.0,738.0,758.0,798.0,599.0,803.0,752.0,936.0
2809174,86.87,87.12,792.0,615.0,762.0,840.0,864.0,711.0,728.0,770.0,552.0,785.0,718.0,937.0
2810174,87.06,87.19,797.0,627.0,767.0,843.0,868.0,724.0,728.0,774.0,558.0,791.0,718.0,937.0
2811174,87.06,87.19,795.0,630.0,771.0,841.0,866.0,727.0,739.0,783.0,564.0,798.0,719.0,935.0
2812195,87.31,87.31,824.0,674.0,799.0,856.0,881.0,764.0,768.0,812.0,629.0,822.0,765.0,936.0
2813193,87.5,87.37,817.0,649.0,788.0,850.0,875.0,756.0,767.0,810.0,615.0,816.0,753.0,935.0
2814206,87.5,87.37,826.0,669.0,804.0,861.0,883.0,752.0,773.0,809.0,624.0,820.0,758.0,937.0
2815218,87.62,87.5,820.0,661.0,799.0,858.0,883.0,756.0,772.0,811.0,634.0,824.0,763.0,937.0
2816212,87.75,87.56,811.0,639.0,781.0,852.0,874.0,736.0,750.0,790.0,584.0,810.0,734.0,934.0
2817212,87.75,87.56,817.0,653.0,791.0,860.0,880.0,748.0,772.0,808.0,625.0,826.0,757.0,937.0
2818213,87.81,87.56,810.0,640.0,783.0,853.0,876.0,739.0,778.0,812.0,638.0,816.0,740.0,934.0
2819219,87.75,87.56,806.0,638.0,778.0,852.0,876.0,738.0,753.0,789.0,574.0,801.0,726.0,932.0
2820214,87.75,87.56,816.0,664.0,796.0,864.0,877.0,770.0,769.0,806.0,608.0,820.0,740.0,936.0
2821215,87.81,87.75,818.0,679.0,801.0,865.0,875.0,772.0,766.0,805.0,603.0,816.0,742.0,934.0
2822214,87.94,87.94,789.0,615.0,765.0,845.0,862.0,722.0,740.0,782.0,547.0,800.0,708.0,931.0
2823214,87.94,87.94,791.0,616.0,760.0,842.0,861.0,723.0,737.0,780.0,540.0,802.0,703.0,931.0
2824214,88.06,88.12,794.0,617.0,761.0,844.0,866.0,723.0,742.0,782.0,541.0,805.0,708.0,931.0
2825213,88.12,88.25,799.0,632.0,771.0,848.0,867.0,732.0,748.0,790.0,552.0,806.0,712.0,933.0
2826213,88.12,88.25,818.0,672.0,798.0,866.0,876.0,761.0,784.0,822.0,631.0,830.0,758.0,937.0
2827214,88.19,88.31,795.0,631.0,769.0,848.0,865.0,741.0,750.0,801.0,556.0,805.0,712.0,932.0
2828215,88.37,88.37,797.0,628.0,767.0,848.0,867.0,740.0,753.0,794.0,549.0,800.0,710.0,932.0
2829216,88.37,88.37,798.0,627.0,765.0,848.0,866.0,735.0,758.0,798.0,551.0,800.0,711.0,933.0
2830216,88.56,88.44,797.0,625.0,767.0,846.0,864.0,738.0,758.0,799.0,549.0,802.0,705.0,932.0
2831217,88.69,88.5,803.0,627.0,766.0,850.0,868.0,737.0,759.0,798.0,550.0,797.0,709.0,933.0
2832218,88.69,88.5,801.0,623.0,764.0,855.0,870.0,725.0,756.0,797.0,554.0,801.0,713.0,933.0
2833219,88.69,88.56,819.0,671.0,793.0,872.0,880.0,758.0,784.0,823.0,602.0,820.0,749.0,935.0
2834220,88.81,88.69,820.0,662.0,788.0,868.0,878.0,758.0,794.0,829.0,620.0,822.0,760.0,936.0
2835220,88.81,88.69,810.0,629.0,771.0,859.0,873.0,728.0,769.0,805.0,568.0,804.0,724.0,934.0
2836221,88.94,88.81,810.0,626.0,771.0,857.0,874.0,725.0,771.0,808.0,559.0,804.0,722.0,933.0
2837222,89.12,89.06,825.0,671.0,803.0,873.0,887.0,759.0,796.0,831.0,616.0,822.0,752.0,935.0
2838223,89.12,89.06,823.0,663.0,794.0,868.0,884.0,772.0,797.0,831.0,606.0,817.0,748.0,935.0
2839223,89.37,89.19,817.0,646.0,782.0,864.0,877.0,762.0,786.0,823.0,591.0,814.0,736.0,934.0
2840223,89.44,89.31,831.0,681.0,805.0,877.0,883.0,779.0,804.0,834.0,616.0,826.0,756.0,935.0
2841225,89.44,89.31,825.0,668.0,803.0,874.0,882.0,769.0,803.0,830.0,610.0,823.0,750.0,936.0
2842225,89.5,89.44,825.0,669.0,803.0,880.0,887.0,760.0,803.0,826.0,609.0,817.0,760.0,937.0
2843226,89.62,89.62,823.0,666.0,798.0,874.0,884.0,764.0,802.0,825.0,615.0,816.0,758.0,936.0
2844228,89.62,89.62,824.0,663.0,802.0,875.0,887.0,752.0,783.0,811.0,581.0,808.0,730.0,934.0
2845229,89.75,89.75,819.0,646.0,788.0,867.0,882.0,746.0,797.0,821.0,609.0,820.0,746.0,936.0
2846229,89.75,89.75,814.0,640.0,782.0,861.0,878.0,749.0,788.0,820.0,589.0,813.0,736.0,935.0
2847231,89.75,89.75,824.0,664.0,795.0,868.0,885.0,771.0,796.0,828.0,605.0,824.0,740.0,935.0
2848229,89.87,89.69,836.0,693.0,817.0,878.0,895.0,784.0,822.0,852.0,668.0,842.0,776.0,937.0
2849229,90.12,89.69,838.0,707.0,821.0,881.0,895.0,799.0,826.0,855.0,682.0,833.0,796.0,938.0
2850229,90.12,89.69,851.0,724.0,833.0,887.0,900.0,813.0,841.0,865.0,695.0,858.0,804.0,938.0
2851229,90.25,89.75,849.0,708.0,822.0,881.0,899.0,800.0,824.0,851.0,653.0,845.0,780.0,938.0
2852229,90.25,89.75,844.0,704.0,819.0,882.0,900.0,798.0,824.0,851.0,657.0,840.0,780.0,941.0
2853230,90.25,89.75,819.0,642.0,780.0,864.0,886.0,757.0,813.0,838.0,634.0,829.0,767.0,938.0
2854231,90.25,89.69,814.0,626.0,772.0,857.0,877.0,744.0,784.0,813.0,559.0,796.0,718.0,935.0
2855232,90.25,89.69,843.0,695.0,814.0,885.0,899.0,789.0,784.0,817.0,562.0,797.0,715.0,938.0
2856232,90.25,89.69,813.0,626.0,767.0,858.0,879.0,740.0,781.0,819.0,562.0,800.0,714.0,935.0
2857232,90.25,89.75,809.0,617.0,774.0,859.0,884.0,717.0,774.0,822.0,554.0,796.0,720.0,938.0
2858233,90.12,89.81,808.0,617.0,773.0,858.0,885.0,713.0,766.0,828.0,555.0,804.0,718.0,935.0
2859233,90.12,89.81,804.0,617.0,771.0,861.0,885.0,714.0,764.0,832.0,551.0,801.0,718.0,935.0
2860233,89.94,89.81,803.0,620.0,770.0,866.0,883.0,713.0,761.0,821.0,558.0,802.0,715.0,935.0
2861233,89.81,89.81,800.0,618.0,771.0,862.0,881.0,711.0,757.0,821.0,555.0,806.0,719.0,935.0
2862234,89.81,89.81,797.0,617.0,771.0,861.0,878.0,709.0,755.0,821.0,556.0,804.0,718.0,935.0
2863234,89.75,89.81,794.0,615.0,773.0,860.0,878.0,711.0,756.0,822.0,553.0,804.0,720.0,936.0
2864234,89.75,89.87,795.0,624.0,773.0,863.0,878.0,724.0,757.0,818.0,553.0,802.0,717.0,935.0
2865234,89.75,89.87,800.0,626.0,773.0,863.0,879.0,723.0,758.0,822.0,560.0,804.0,721.0,936.0
2866234,89.87,89.94,803.0,629.0,775.0,862.0,879.0,728.0,760.0,826.0,566.0,808.0,718.0,937.0
2867234,89.94,90.06,834.0,692.0,816.0,886.0,894.0,779.0,767.0,819.0,583.0,817.0,730.0,937.0
2868234,90.06,90.19,821.0,667.0,796.0,874.0,884.0,749.0,790.0,840.0,626.0,832.0,766.0,939.0
2869235,90.06,90.19,821.0,681.0,809.0,881.0,888.0,766.0,773.0,826.0,605.0,828.0,748.0,939.0
2870235,90.25,90.31,823.0,668.0,806.0,878.0,887.0,749.0,790.0,835.0,646.0,842.0,767.0,940.0
2871236,90.44,90.44,832.0,686.0,821.0,884.0,894.0,764.0,792.0,838.0,643.0,841.0,775.0,940.0
2872237,90.44,90.44,831.0,681.0,819.0,885.0,894.0,764.0,792.0,837.0,637.0,836.0,770.0,941.0
2873238,90.62,90.5,831.0,673.0,811.0,882.0,891.0,761.0,792.0,845.0,637.0,836.0,776.0,941.0
2874238,90.75,90.5,814.0,630.0,782.0,868.0,880.0,732.0,784.0,841.0,627.0,833.0,768.0,940.0
2875239,90.75,90.5,814.0,631.0,780.0,867.0,883.0,735.0,757.0,820.0,568.0,811.0,725.0,938.0
2876239,90.81,90.56,815.0,633.0,781.0,867.0,884.0,736.0,756.0,822.0,567.0,810.0,725.0,936.0
2877239,90.81,90.56,814.0,629.0,780.0,868.0,884.0,731.0,754.0,826.0,564.0,812.0,725.0,937.0
2878239,90.81,90.56,815.0,632.0,781.0,872.0,878.0,733.0,752.0,827.0,570.0,811.0,725.0,936.0
2879239,90.81,90.69,814.0,626.0,782.0,872.0,880.0,727.0,754.0,831.0,560.0,812.0,722.0,936.0
2880239,90.81,90.81,811.0,625.0,778.0,870.0,881.0,729.0,752.0,831.0,559.0,811.0,722.0,936.0
2881239,90.81,90.81,816.0,626.0,779.0,872.0,884.0,740.0,754.0,826.0,560.0,810.0,720.0,937.0
2882239,90.94,90.87,815.0,625.0,779.0,872.0,886.0,740.0,752.0,824.0,561.0,806.0,722.0,937.0
2883240,91.0,90.81,856.0,729.0,842.0,900.0,909.0,813.0,797.0,855.0,650.0,841.0,783.0,941.0
2884241,91.0,90.81,835.0,669.0,807.0,878.0,892.0,772.0,792.0,849.0,649.0,840.0,776.0,939.0
2885244,91.0,90.75,829.0,652.0,800.0,874.0,889.0,756.0,768.0,832.0,593.0,824.0,745.0,939.0
2886244,90.94,90.69,834.0,654.0,801.0,878.0,889.0,756.0,773.0,836.0,595.0,825.0,747.0,937.0
2887245,90.94,90.69,830.0,651.0,801.0,876.0,890.0,748.0,769.0,831.0,591.0,825.0,739.0,938.0
2888245,90.87,90.69,829.0,658.0,801.0,878.0,892.0,763.0,776.0,842.0,606.0,832.0,749.0,936.0
2889245,90.87,90.81,830.0,669.0,807.0,884.0,892.0,770.0,771.0,840.0,603.0,830.0,748.0,936.0
2890246,90.87,90.81,818.0,650.0,797.0,880.0,886.0,759.0,767.0,839.0,590.0,821.0,743.0,938.0
2891246,90.81,90.87,823.0,651.0,795.0,879.0,887.0,758.0,764.0,838.0,585.0,818.0,744.0,937.0
2892246,90.81,90.94,823.0,648.0,793.0,878.0,887.0,758.0,771.0,839.0,597.0,823.0,747.0,939.0
2893246,90.81,90.94,816.0,648.0,795.0,877.0,885.0,756.0,764.0,831.0,581.0,818.0,738.0,937.0
2894246,90.87,91.12,822.0,662.0,805.0,882.0,889.0,764.0,772.0,836.0,595.0,821.0,746.0,939.0
2895246,90.94,91.19,822.0,659.0,802.0,881.0,885.0,760.0,773.0,839.0,597.0,820.0,746.0,939.0
2896246,90.94,91.19,824.0,673.0,809.0,883.0,896.0,770.0,778.0,843.0,609.0,832.0,757.0,938.0
2897246,90.94,91.19,824.0,667.0,804.0,884.0,901.0,765.0,780.0,843.0,612.0,830.0,758.0,938.0
2898247,90.94,91.19,829.0,674.0,807.0,887.0,885.0,771.0,780.0,846.0,606.0,829.0,755.0,938.0
2899248,90.94,91.19,840.0,692.0,823.0,892.0,892.0,780.0,786.0,848.0,617.0,831.0,763.0,938.0
2900249,91.0,91.06,843.0,695.0,822.0,891.0,894.0,785.0,793.0,854.0,630.0,837.0,772.0,941.0
2901249,91.06,91.0,817.0,630.0,780.0,874.0,874.0,740.0,778.0,856.0,633.0,835.0,772.0,939.0
2902250,91.06,91.0,819.0,634.0,787.0,875.0,878.0,739.0,764.0,840.0,565.0,816.0,732.0,937.0
2903250,91.06,91.0,824.0,655.0,797.0,880.0,880.0,766.0,755.0,837.0,551.0,808.0,722.0,937.0
2904250,91.06,91.06,820.0,651.0,797.0,882.0,887.0,763.0,772.0,850.0,583.0,819.0,747.0,938.0
2905250,91.06,91.06,816.0,643.0,789.0,877.0,886.0,754.0,774.0,848.0,593.0,815.0,752.0,938.0
2906250,91.06,91.12,812.0,641.0,792.0,878.0,887.0,744.0,767.0,855.0,618.0,826.0,765.0,941.0
2907252,91.06,91.12,811.0,643.0,792.0,874.0,883.0,740.0,772.0,852.0,596.0,813.0,753.0,939.0
2908253,91.06,91.12,825.0,671.0,807.0,882.0,888.0,771.0,773.0,854.0,600.0,821.0,756.0,938.0
2909253,91.06,91.12,806.0,638.0,787.0,872.0,882.0,741.0,752.0,853.0,558.0,800.0,733.0,936.0
2910253,91.06,91.19,812.0,642.0,791.0,873.0,882.0,746.0,780.0,868.0,615.0,828.0,767.0,939.0
2911254,91.06,91.19,819.0,653.0,798.0,877.0,884.0,758.0,765.0,858.0,587.0,816.0,752.0,937.0
2912255,91.06,91.19,798.0,612.0,776.0,867.0,874.0,726.0,742.0,846.0,549.0,798.0,725.0,937.0
2913256,91.06,91.25,814.0,631.0,787.0,876.0,879.0,745.0,758.0,854.0,576.0,811.0,742.0,938.0
2914257,91.06,91.25,813.0,624.0,784.0,874.0,874.0,729.0,756.0,856.0,582.0,809.0,745.0,938.0
2915258,91.12,91.25,815.0,629.0,783.0,875.0,872.0,745.0,744.0,853.0,561.0,807.0,736.0,938.0
2916259,91.19,91.19,816.0,630.0,784.0,875.0,873.0,744.0,744.0,850.0,553.0,801.0,732.0,937.0
2917261,91.19,91.19,813.0,616.0,777.0,872.0,867.0,734.0,740.0,848.0,548.0,801.0,727.0,938.0
2918261,91.12,91.12,810.0,606.0,774.0,873.0,868.0,720.0,736.0,846.0,545.0,795.0,727.0,937.0
2919263,91.06,91.0,807.0,611.0,775.0,875.0,860.0,734.0,739.0,849.0,540.0,803.0,728.0,936.0
2920264,91.06,91.0,804.0,613.0,779.0,875.0,864.0,733.0,741.0,846.0,547.0,806.0,734.0,937.0
2921266,91.0,91.06,804.0,612.0,776.0,872.0,868.0,720.0,736.0,844.0,549.0,805.0,734.0,936.0
2922266,90.87,91.06,806.0,609.0,777.0,873.0,872.0,720.0,739.0,842.0,548.0,808.0,733.0,936.0
2923266,90.87,91.06,806.0,610.0,778.0,872.0,874.0,724.0,734.0,840.0,549.0,808.0,739.0,936.0
2924266,90.87,90.94,806.0,613.0,781.0,871.0,883.0,731.0,736.0,842.0,556.0,809.0,742.0,937.0
2925266,90.94,90.94,807.0,613.0,778.0,868.0,874.0,731.0,737.0,843.0,547.0,803.0,738.0,936.0
2926267,90.94,90.94,811.0,625.0,782.0,872.0,878.0,747.0,744.0,846.0,556.0,809.0,739.0,936.0
2927267,91.0,90.94,801.0,605.0,771.0,869.0,872.0,729.0,736.0,836.0,540.0,799.0,734.0,936.0
2928268,91.0,90.94,802.0,607.0,774.0,870.0,874.0,728.0,735.0,836.0,540.0,801.0,731.0,936.0
2929269,91.0,90.94,810.0,614.0,778.0,874.0,876.0,734.0,739.0,838.0,551.0,803.0,734.0,937.0
2930270,91.06,90.94,809.0,606.0,772.0,871.0,876.0,727.0,731.0,834.0,540.0,797.0,728.0,935.0
2931271,91.0,91.06,812.0,608.0,773.0,872.0,879.0,730.0,734.0,834.0,545.0,803.0,730.0,935.0
2932272,91.0,91.06,816.0,623.0,781.0,874.0,882.0,745.0,745.0,843.0,563.0,808.0,743.0,935.0
2933272,91.0,91.12,806.0,610.0,776.0,872.0,882.0,734.0,735.0,842.0,550.0,804.0,732.0,935.0
2934272,91.0,91.25,812.0,619.0,779.0,876.0,885.0,744.0,740.0,843.0,550.0,807.0,734.0,937.0
2935273,91.0,91.25,812.0,623.0,781.0,889.0,879.0,746.0,745.0,846.0,557.0,814.0,743.0,936.0
2936273,91.0,91.25,807.0,611.0,775.0,890.0,879.0,746.0,742.0,845.0,551.0,810.0,744.0,936.0
2937274,91.06,91.31,801.0,600.0,767.0,892.0,876.0,746.0,737.0,840.0,541.0,801.0,739.0,935.0
2938274,91.06,91.31,805.0,602.0,768.0,893.0,876.0,756.0,734.0,840.0,541.0,804.0,737.0,935.0
2939275,91.12,91.31,803.0,598.0,770.0,895.0,873.0,749.0,730.0,844.0,541.0,807.0,734.0,936.0
2940279,91.0,91.25,801.0,600.0,771.0,895.0,872.0,738.0,731.0,844.0,542.0,806.0,733.0,936.0
2941278,91.0,91.25,798.0,599.0,771.0,895.0,869.0,736.0,734.0,844.0,543.0,809.0,734.0,935.0
2942276,91.0,91.19,798.0,597.0,770.0,898.0,874.0,741.0,734.0,843.0,539.0,811.0,732.0,935.0
2943277,90.94,91.31,802.0,599.0,772.0,899.0,881.0,741.0,738.0,844.0,546.0,810.0,738.0,936.0
2944278,90.94,91.31,809.0,613.0,780.0,904.0,877.0,749.0,753.0,850.0,573.0,819.0,754.0,935.0
2945279,91.0,91.25,802.0,594.0,770.0,900.0,866.0,730.0,741.0,840.0,547.0,810.0,741.0,934.0
2946280,91.0,91.25,801.0,595.0,769.0,904.0,864.0,729.0,741.0,841.0,544.0,808.0,736.0,933.0
2947283,91.0,91.25,799.0,595.0,765.0,900.0,859.0,728.0,741.0,841.0,540.0,812.0,736.0,935.0
2948284,90.94,91.19,798.0,594.0,765.0,903.0,868.0,729.0,741.0,842.0,536.0,811.0,733.0,934.0
2949286,90.87,91.12,797.0,594.0,765.0,905.0,871.0,732.0,742.0,841.0,532.0,807.0,734.0,935.0
