{"main":{"language":"en","lastHostname":"192.168.1.182","darkTheme":false,"useBinaryPrefix":true,"disableAutoComplete":false,"settingsStorageLocal":false,"settingsSaveDelay":2000,"cacheStorageLocal":true,"cacheSaveDelay":4000,"notifications":{"errorsPersistent":true,"timeout":5000},"webcam":{"url":"","updateInterval":5000,"useFix":false,"embedded":false,"rotation":0,"flip":"none"}},"machine":{"ajaxRetries":2,"updateInterval":250,"extendedUpdateEvery":20,"fileTransferRetryThreshold":358400,"crcUploads":true,"pingInterval":2000,"babystepAmount":0.05,"codes":["G0 X0 Y180","G0 X0 Y200","G0 X100 Y0","G0 X160 Y200","G0 X20 Y200","G0 X40 Y200","G1 H2 Z0","G1 H2 Z1","G1 H2 Z2","G1 H2 Z3","G1 H2 Z4","G1 H2 Z5","G1 Z.2","G1 Z1","G28","G30","G32","M106 S0","M114","M119","M119M302","M122","M203 X5000.00 Y5000.00 Z150.00 E1200.00","M203 X6000.00 Y6000.00 Z150.00 E1200.00","M303 H1 S240","M307 H1","g32","m18"],"displayedExtraTemperatures":[],"displayedExtruders":[0,1],"displayedFans":[-1],"moveSteps":{"X":[100,50,10,1,0.1],"Y":[100,50,10,1,0.1],"Z":[50,25,5,0.5,0.05],"default":[100,50,10,1,0.1]},"moveFeedrate":6000,"extruderAmounts":[100,50,20,10,5,1],"extruderFeedrates":[60,30,15,5,1],"temperatures":{"tool":{"active":[250,0],"standby":[0]},"bed":{"active":[100,0],"standby":[0]},"chamber":[90,80,70,60,50,40,0]},"spindleRPM":[10000,75000,5000,2500,1000,0]}}